location,area,price,price_currency,status,new/resale,price_negotiable,description,security_deposit,facing,furnished,age of property,Lift(s),Full Power Backup,24 X 7 Security,Children's play area,Club House,Gymnasium,Swimming Pool,Sports Facility,Jogging Track,Landscaped Gardens,locality_score,project_score,builder_experience,Rain Water Harvesting,Intercom,Car Parking,Vaastu Compliant,Indoor Games,Multipurpose Room,Staff Quarter,Cafeteria,School,Maintenance Staff,Shopping Mall,Golf Course,ATM,Hospital
Warje,832,6500000,INR,0,0,0,"A spacious 2 bhk builder floor is available for sale in Warje, Pune. It has a salable area of 832 sqft and is available at a price of Rs. 7,812 per sqft. It is an unfurnished property. This residential complex is under-construction as of now. . The time you'll spend here will become the greatest moment of your life that will also help you to relieve, relax & evoke a great sense of happiness. The site is in close proximity to various civic utilities. Kindly call us for details. ",1,,0,0,0,0,0,0,0,0,0,0,0,0,8.1,,,,,,,,,,,,,,,,
Hinjawadi Village,800,6000000,INR,,0,0,"A 2 bhk property is available for sale in Hinjawadi Village, Pune. It has a salable area of 800 sqft and is available at a price of Rs. 7,500 per sqft. It is an unfurnished property. This residential complex is under-construction as of now. . It is made in way to provide a comfortable living. Kindly call us for details. ",1,,0,0,0,0,0,0,0,0,0,0,0,0,,,,,,,,,,,,,,,,,
Wagholi,849,3399396,INR,1,0,0,Well designed 2 bhk builder floor is available at a prime location in Wagholi. It has a built-up area of 849 sqft and is priced at Rs. 34.00 lac . It is a semi-furnished property. This residential property is ready-to-move-in. It is made in way to provide a comfortable living for the residents. It is situated in the proximity of all the important facilities. ,1,,0,0,0,0,0,0,0,0,0,0,0,0,8.0,,,,,,,,,,,,,,,,
Karve Nagar,1550,20498750,INR,,0,0,"A spacious 3 bhk builder floor is available for sale in Karve Nagar, Pune. It has an area of 1550 sqft with a carpet area of 1250 sqft . The property is available at a price of Rs. 2.05 cr . The house is semi-furnished. This residential property is ready-to-move-in. It is well connected to the city areas. Please contact for more details. ",1,north,0,0,1,0,0,0,0,0,0,0,0,0,9.0,,,,,,,,,,,,,,,,
Kharadi,850,6400000,INR,1,0,0,It has a built-up area of 850 sqft and is priced at Rs. 64.00 lac . The house is semi-furnished. This residential property is ready-to-move-in. It is made in way to provide a comfortable living for the residents. The site is in close proximity to various civic utilities. Please contact for more details. ,1,,0,0,0,0,0,0,0,0,0,0,0,0,8.9,,,,,,,,,,,,,,,,
Ambegaon Budruk,1090,5800000,INR,,0,0,"It’s a 2 bhk builder floor situated in Ambegaon Budruk. It has a built-up area of 1090 sqft and is priced at Rs. 58.00 lac . The house is unfurnished. It is a ready-to-move-in property. The time you'll spend here will become the greatest moment of your life that will also help you to relieve, relax & evoke a great sense of happiness. The society is well connected by different modes of transportation. Please contact for more details. ",1,,0,0,0,0,0,0,0,0,0,0,0,0,8.1,,,,,,,,,,,,,,,,
Kalewadi,2500,8000000,INR,0,0,0,Well designed 4 bhk builder floor is available at a prime location in Kalewadi. It has an area of 2500 sqft . The property is available at a price of Rs. 80.00 lac . The house is furnished. This residential complex is under-construction as of now. . It is made in way to provide a comfortable living for the residents. The site is in close proximity to various civic utilities. Kindly call us for details. ,1,,1,0,0,0,0,0,0,0,0,0,0,0,9.2,,,,,,,,,,,,,,,,
Shivaji Nagar,3200,25000000,INR,1,0,0,"It’s a 6 bhk builder floor situated in Shivaji Nagar, Pune. It has an area of 3200 sqft . The property is available at a price of Rs. 2.50 cr . It is a semi-furnished property. It is a ready-to-move-in property. It is made in way to provide a comfortable living for the residents. It is well connected to the city areas. ",1,,0,0,0,0,0,0,0,0,0,0,0,0,9.3,,,,,,,,,,,,,,,,
Old Sangvi,260,1400000,INR,,0,0,"It’s a 1 rk builder floor situated in Old Sangvi, Pune. It has a salable area of 260 sqft and is available at a price of Rs. 5,384 per sqft. It is an unfurnished property. This residential property is ready-to-move-in. It is made in way to provide a comfortable living for the residents. It is situated in the proximity of all the important facilities. Please contact for more details. ",1,,0,4,0,0,0,0,0,0,0,0,0,0,,,,,,,,,,,,,,,,,
Lohegaon,833,4000000,INR,,1,0,"It has a salable area of 833 sqft and is available at a price of Rs. 4,801 per sqft. It has full_power_backup as well as children's_play_area. The project also has lift(s), gymnasium and club_house. It is facing east direction. It is a ready-to-move-in property. The time you'll spend here will become the greatest moment of your life that will also help you to relieve, relax & evoke a great sense of happiness. It is well connected to the city areas. Kindly call us for details. ",1,east,0,0,1,1,1,1,1,1,1,1,1,0,8.0,,22.0,1.0,1.0,1.0,,,,,,,,,,,
Kondhwa,1900,11500000,INR,,0,0,"Well designed 3 bhk builder floor is available at a prime location in Kondhwa. It has a salable area of 1900 sqft and is available at a price of Rs. 6,052 per sqft. This residential property is ready-to-move-in. It is made in way to provide a comfortable living for the residents. It is well connected to the city areas. If you are interested, please contact us for more details. ",1,east,0,0,1,1,0,1,0,0,0,0,0,0,8.8,,,,,,,,,,,,,,,,
Pimple Saudagar,1717,9800000,INR,,0,0,"It’s a 2 bhk builder floor situated in Kasturi Housing Element 5, Pimple Saudagar. It has an area of 1717 sqft with a carpet area of 950 sqft . The property is available at a price of Rs. 98.00 lac . It is an unfurnished property. It is facing east direction. It is a 14 year old ready-to-move-in property. The site is in close proximity to various civic utilities. Contact us for more details. ",1,east,0,14,1,1,1,1,1,1,1,1,1,0,,8.0,23.0,1.0,1.0,1.0,1.0,,,,,,,,,,
Kharadi,2941,25000000,INR,,0,0,"It’s a 4 bhk builder floor situated in Gera Developments Greens Ville Sky Villas, Kharadi. It has a built-up area of 2941 sqft and is priced at Rs. 2.50 cr . The house is furnished. It is east facing property. It is a 9 year old ready-to-move-in property. It is made in way to provide a comfortable living. It is well connected to the city areas. ",1,east,1,9,1,1,1,1,1,1,1,1,1,0,8.9,8.3,52.0,1.0,1.0,1.0,1.0,1.0,1.0,1.0,,,,,,,
Deccan Gymkhana,2850,70000000,INR,,1,0,"A 4 bhk property is available for sale in Rachana Lifestyle Polaris, Deccan Gymkhana, Pune. It has a salable area of 2850 sqft and is available at a price of Rs. 24,561 per sqft. It is an unfurnished property. It is facing east direction. It is a 8 year old ready-to-move-in property. The time you'll spend here will become the greatest moment of your life that will also help you to relieve, relax & evoke a great sense of happiness. The site is in close proximity to various civic utilities. Kindly call us for details. ",1,east,0,8,1,1,0,1,1,1,1,0,0,0,9.2,8.1,47.0,1.0,1.0,,,,,,,,,,,,
Mundhwa,2100,19000000,INR,,1,0,The house is semi-furnished. It is facing east direction. This residential complex is under-construction as of now. The expected completion date is 30/06/2026. It is made in way to provide a comfortable living. It is situated in the proximity of all the important facilities. Please contact for more details. ,1,east,0,0,1,1,0,1,1,1,1,1,1,0,8.6,,20.0,,1.0,,,,,,,,,,,,
Baner,5600,55000000,INR,1,0,0,"It’s a 5 bhk builder floor situated in Baner, Pune. It has a salable area of 5600 sqft and is available at a price of Rs. 9,821 per sqft. The house is furnished. It has 1 tv, 1 refrigerator, 1 sofa and 1 washing machine. It also has 1 microwave, 1 dining table, 1 gas connection, 1 ac and 1 bed. It has club house. Other amenities include lift available, gymnasium and power backup. Its main door is facing east direction. It is a ready-to-move-in property. It is well connected to the city areas. Contact us for more details. ",1,east,1,0,1,1,0,1,1,1,0,0,0,0,9.1,,,,1.0,,,,,,,,,,,,
Keshav Nagar,1180,7900000,INR,,1,0,"This spacious 3 bhk builder floor is available for sale and is located in the heart of Keshav Nagar. It has a built-up area of 1180 sqft and is priced at Rs. 79.00 lac . The house is unfurnished. It is east facing property. It is an under-construction property . The time you'll spend here will become the greatest moment of your life that will also help you to relieve, relax & evoke a great sense of happiness. The society is well connected by different modes of transportation. Please contact for more details. ",1,east,0,0,1,1,0,1,1,1,1,1,0,0,,,,,1.0,,,,,,,,,,,,
Lohegaon,600,2700000,INR,,1,0,"It has a salable area of 600 sqft and is available at a price of Rs. 4,500 per sqft. It is a ready-to-move-in property. The time you'll spend here will become the greatest moment of your life that will also help you to relieve, relax & evoke a great sense of happiness. It is situated in the proximity of all the important facilities. Please contact for more details. ",1,east,0,0,1,1,0,1,1,1,1,1,0,0,8.0,,,,,,,,,,,,,,,,
Baner,520,5100000,INR,1,0,0,"A spacious 1 bhk builder floor is available for sale in Baner, Pune. It has a built-up area of 520 sqft and is priced at Rs. 51.00 lac . The house is unfurnished. Its main door is facing west direction. It is a ready-to-move-in property. It is made in way to provide a comfortable living for the residents. The site is in close proximity to various civic utilities. Kindly call us for details. ",1,west,0,0,1,0,0,0,0,0,0,0,0,0,9.1,,,,,,,,,,,,,,,,
Ambegaon Budruk,2700,24900000,INR,,0,0,"This spacious 3 bhk builder floor is available for sale and is located in B K Chavan Shree Krupa Shrushti, one of the most prestigious projects of Ambegaon Budruk. It has a built-up area of 2700 sqft and is priced at Rs. 2.49 cr . It is a furnished property. It has 1 sofa, 1 sofa, 1 dining table and 1 bed. It is made in way to provide a comfortable living for the residents. The site is in close proximity to various civic utilities. ",1,east,1,11,1,1,0,1,1,1,1,1,0,0,8.1,7.3,33.0,,1.0,,,,,,,,,,,,
Bavdhan,2733,20000000,INR,,1,0,"The floor plan of Padmavati Hills is spaciously designed with utmost perfection and keeping in mind the modern lifestyle of occupants. Padmavati Hills flats are bestowed with wide range of amenities and facilities that will uplift your standard of living. Few of them are listed below
For relaxation, there are facilities like landscaped garden, infinity pool, meditation hall, kids? play area and senior citizen's park provided.
Recreational facilities like Clubhouse, Central Garden, Party Lawn, Amphitheatre and Multipurpose Hall is provided for indoor games, reading and music.
Sports facilities like play ground, basketball/ tennis court and jogging/ cycling track are available.
Ample space for parking in the form of covered parking is allotted.

The specifications of this project include vitrified flooring, branded fittings, modular switches and decorative main entrance door. In the master bedrooms, there is provision for split AC appointed. The living and master bedroom are well featured with TV and telephone point. Also, uninterrupted flow of power supply is provided as wiring for inverter is provided . Padmavati Hills brochure is available on the website and will guide you with this project.

Padmavati Hills, Bavdhan, Pune is well linked to Kothrud that is hardly 5 minutes away. Also, it has Paud road and arterial Karve road in close proximity. Ryan International School and many other reputed schools are in vicinity.
 More About This Property 4 BHK Independent Floor for sale in Bavdhan, Pune - contact now, for details about the most coveted property. This 4 BHK unit is available in Bavdhan and offers a premium lifestyle at the best price. It is a desired purchase for any homebuyer in Bavdhan. It is on floor 4. The total number of floors is 12. The price of this Independent Floor is Rs 2.0 Cr. It is a good, spacious Independent Floor unit with carpet area of 2025 Square feet. The built-up area is 2733 Square feet. There are 4 bedrooms and 4 bathroom. The property is East-facing. This building is equipped with lift. This is a gated community. It is a thoroughly secure premise with cctv facility. Other facilities include provisions for Gym, Garden, Sports Facility, Swimming Pool, Intercom, Clubhouse, Community Hall. This property also enjoys power backup facility. Regular water supply is available. A dedicated kids area is also available. This property is at a walking distance from Varad Hospital, Omkar General Hospital, and Om Hospital. The city's best schools such as Ryan International School, Ryan International, and Periwinkle English Medium School are near your residential property",1,east,0,0,1,1,1,1,1,1,1,1,1,0,8.1,,123.0,1.0,1.0,1.0,,,1.0,,1.0,,,,,,
Aundh,7880,120000000,INR,,0,0,It has an area of 7880 sqft with a carpet area of 6500 sqft . The property is available at a price of Rs. 12.00 cr . It is an unfurnished property. It is a 7 year old ready-to-move-in property. It is made in way to provide a comfortable living for the residents. Kindly call us for details. ,1,east,0,7,1,1,1,1,1,1,1,1,0,0,9.7,7.4,17.0,,1.0,1.0,,,,,,,,,,,
Gahunje,988,3439000,INR,,1,0,"It’s a 2 bhk builder floor situated in Kohinoor Group Construction And Real Estate Abhimaan Homes, Gahunje. It has a built-up area of 988 sqft and is priced at Rs. 34.39 lac . The house is unfurnished. It is east facing property. This residential property is ready-to-move-in. The time you'll spend here will become the greatest moment of your life that will also help you to relieve, relax & evoke a great sense of happiness. Kindly call us for details. ",1,east,0,2,1,1,1,1,1,1,1,1,1,1,7.4,,39.0,1.0,1.0,1.0,,1.0,,,,1.0,1.0,1.0,,,
Balewadi,2361,26437940,INR,,1,0,"A spacious 4 bhk builder floor is available for sale in Gagan Developers Klara, Balewadi, Pune. It has an area of 2361 sqft with a carpet area of 1749 sqft . The property is available at a price of Rs. 2.64 cr . It is facing east direction. This residential complex is under-construction as of now. The expected completion date is 01/09/2023. It is made in way to provide a comfortable living. If you are interested, please contact us for more details. ",1,east,0,0,1,1,1,1,1,1,1,0,1,1,8.8,,123.0,1.0,1.0,1.0,1.0,,1.0,,1.0,,,1.0,,,
Baner,3200,36000000,INR,,1,0,,1,east,0,122,1,1,0,1,1,1,1,1,0,0,9.1,,,,1.0,,,,,,,,,,,,
Wadgaon Sheri,1645,12400000,INR,,0,0,"Well designed 3 bhk builder floor is available at a prime location in Wadgaon Sheri. It has a built-up area of 1645 sqft and is priced at Rs. 1.24 cr . The house is semi-furnished. It is west facing property. It is a 5 year old ready-to-move-in property. The time you'll spend here will become the greatest moment of your life that will also help you to relieve, relax & evoke a great sense of happiness. It is situated in the proximity of all the important facilities. Contact us for more details. ",1,west,0,5,1,1,0,1,1,1,1,1,0,0,,,,,1.0,,,,,,,,,,,,
NIBM Annex Mohammadwadi,4800,30000000,INR,,0,0,"A spacious 4 bhk builder floor is available for sale in NIBM Annex Mohammadwadi, Pune. It has a salable area of 4800 sqft and is available at a price of Rs. 6,250 per sqft. It has club house as well as power backup. The project also has lift available. Its main door is facing east direction. This residential property is ready-to-move-in. It is made in way to provide a comfortable living. The society is well connected by different modes of transportation. If you are interested, please contact us for more details. ",1,east,0,0,1,1,0,1,1,1,1,1,0,0,,,,,1.0,,,,,,,,,,,,
Ambegaon Budruk,600,1900000,INR,,1,0,Well designed 1 bhk builder floor is available at a prime location in Ambegaon Budruk. It has a built-up area of 600 sqft and is priced at Rs. 19.00 lac . It is an unfurnished property. This residential property is ready-to-move-in. The society is well connected by different modes of transportation. Kindly call us for details. ,1,east,0,0,1,1,0,0,0,0,0,1,0,0,8.1,,,,,,,,,,,,,,,,
Viman Nagar,1200,8300000,INR,,1,0,"A spacious 2 bhk builder floor is available for sale in Shree Rahde Constructions Camelot Housing Society, Viman Nagar, Pune. It has an area of 1200 sqft with a carpet area of 1080 sqft . The property is available at a price of Rs. 83.00 lac . The house is unfurnished. It is facing north direction. This residential property is ready-to-move-in. The time you'll spend here will become the greatest moment of your life that will also help you to relieve, relax & evoke a great sense of happiness. Contact us for more details. ",1,north,0,8,1,1,1,1,1,1,1,1,0,0,9.2,7.2,123.0,1.0,1.0,1.0,,,,,,,,,,,
Kharadi,3712,33363112,INR,0,1,0,"It’s a 5 bhk builder floor situated in Goel Ganga Developments Platinum B, Kharadi. It has a salable area of 3712 sqft and is available at a price of Rs. 8,987 per sqft. It is east facing property. The time you'll spend here will become the greatest moment of your life that will also help you to relieve, relax & evoke a great sense of happiness. It is situated in the proximity of all the important facilities. If you are interested, please contact us for more details. ",1,east,0,0,1,1,0,1,1,1,1,1,1,0,8.9,,39.0,,1.0,1.0,,,,,,,,,,,
Punawale,810,5600000,INR,,1,0,"Well designed 2 bhk builder floor is available at a prime location in Aishwaryam Group Insignia. It has an area of 810 sqft with a carpet area of 671 sqft . The property is available at a price of Rs. 56.00 lac . It is an unfurnished property. It is west facing property. It is an under-construction property and is expected to get completed by 01/12/2026. The time you'll spend here will become the greatest moment of your life that will also help you to relieve, relax & evoke a great sense of happiness. Kindly call us for details. ",1,west,0,0,1,1,0,1,1,1,1,1,1,0,,,123.0,1.0,1.0,1.0,,1.0,,,1.0,,,,,,
Bavdhan,4200,17500000,INR,,1,0,"A 3 bhk property is available for sale in Pinnacle Group Brookside, Bavdhan, Pune. It has a salable area of 4200 sqft and is available at a price of Rs. 4,166 per sqft. The house is semi-furnished. It has swimming pool as well as cctv. The project also has children's play area, club house, power backup, gated community, gymnasium and lift available. It is east facing property. It is a ready-to-move-in property. It is made in way to provide a comfortable living. The site is in close proximity to various civic utilities. Contact us for more details. ",1,east,0,1,1,1,1,1,1,1,1,1,1,0,8.1,7.6,26.0,,1.0,1.0,,1.0,1.0,,,,1.0,,,,
Wakad,1067,5345000,INR,,0,0,"It’s a 2 bhk builder floor situated in Omega Promoters Paradise, Wakad, Pune. It has an area of 1067 sqft with a carpet area of 790 sqft . The property is available at a price of Rs. 53.45 lac . It is an unfurnished property. It has lift available. Other amenities include club house, gymnasium, gated community, swimming pool, power backup, children's play area and cctv. It is facing west direction. It is a 13 year old ready-to-move-in property. The time you'll spend here will become the greatest moment of your life that will also help you to relieve, relax & evoke a great sense of happiness. It is situated in the proximity of all the important facilities. ",1,west,0,12,1,1,1,1,1,1,1,1,1,0,9.4,8.1,19.0,1.0,1.0,1.0,,1.0,,,,,,,,,
Kothrud,2500,38500000,INR,1,0,0,"It’s a 5 bhk builder floor situated in Kumar Properties Karishma, Kothrud. It has a built-up area of 2500 sqft and is priced at Rs. 3.85 cr . It is a furnished property. It has 1 tv, 1 refrigerator, 1 sofa and 1 sofa. It also has 1 washing machine, 1 microwave, 1 dining table, 1 gas connection, 1 ac and 1 bed. This residential property is ready-to-move-in. Contact us for more details. ",1,east,1,7,1,1,1,1,1,1,1,1,1,0,9.2,8.5,56.0,1.0,1.0,1.0,1.0,1.0,,1.0,1.0,,,,,,
Mundhwa,594,2570000,INR,0,0,0,,1,east,0,0,1,1,0,0,0,0,0,0,0,0,8.6,,,,,,,,,,,,,,,,
Viman Nagar,910,7050000,INR,,0,0,"It’s a 1 bhk builder floor situated in Ideal Groups Landmark, Viman Nagar. It has a built-up area of 910 sqft and is priced at Rs. 70.50 lac . It is an unfurnished property. Its main door is facing east direction. This residential property is ready-to-move-in. It is made in way to provide a comfortable living for the residents. Contact us for more details. ",1,east,0,7,1,0,0,0,0,0,0,0,0,0,9.2,7.0,123.0,,1.0,1.0,,,,,,,,,,,
Wakad,2236,11200000,INR,1,1,0,"A 4 bhk property is available for sale in Wakad, Pune. It has a built-up area of 2236 sqft and is priced at Rs. 1.12 cr . It is facing east direction. This residential property is ready-to-move-in. The site is in close proximity to various civic utilities. Kindly call us for details. ",1,east,0,0,1,1,0,1,1,1,1,1,0,0,9.4,,,,1.0,,,,,,,,,,,,
Baner,3500,47500000,INR,,0,0,"A 3 bhk property is available for sale in Western Hills Phase 1, Baner, Pune. It has a salable area of 3500 sqft and is available at a price of Rs. 13,571 per sqft. It is a furnished property. This residential property is ready-to-move-in. The time you'll spend here will become the greatest moment of your life that will also help you to relieve, relax & evoke a great sense of happiness. The society is well connected by different modes of transportation. ",1,,1,0,0,0,0,0,0,0,0,0,0,0,9.1,,2022.0,,,,,,,,,,,,,,
Punawale,1100,5345000,INR,,1,0,"This spacious 2 bhk builder floor is available for sale and is located in Kshitej Realtors 24 Life Blooms, one of the most prestigious projects of Punawale. It has an area of 1100 sqft with a carpet area of 800 sqft . The property is available at a price of Rs. 53.45 lac . It is an unfurnished property. This residential complex is under-construction as of now. The expected completion date is 31/10/2024. It is made in way to provide a comfortable living. Please contact us for more details. ",1,east,0,0,1,1,1,1,1,1,1,1,0,0,,,123.0,,1.0,1.0,,,,,,,,,,,
Baner,850,8500000,INR,,0,0,"This spacious 2 bhk builder floor is available for sale and is located in Mittal Group Sun Horizon, one of the most prestigious projects of Baner. It has an area of 850 sqft with a carpet area of 840 sqft . The property is available at a price of Rs. 85.00 lac . The house is unfurnished. It is a 9 year old ready-to-move-in property. The time you'll spend here will become the greatest moment of your life that will also help you to relieve, relax & evoke a great sense of happiness. If you are interested, please contact us for more details. ",1,,0,8,1,1,1,0,1,1,1,0,1,0,9.1,,24.0,1.0,,1.0,1.0,,1.0,1.0,,,,,,,
Wakad,3000,32500000,INR,,1,0,"It’s a 4 bhk builder floor situated in Kasturi Housing Epitome, Wakad. It has an area of 3000 sqft with a carpet area of 2400 sqft . The property is available at a price of Rs. 3.25 cr . It is an unfurnished property. It is an under-construction property . It is made in way to provide a comfortable living for the residents. It is situated in the proximity of all the important facilities. Contact us for more details. ",1,east,0,0,1,1,1,1,1,1,1,1,1,0,9.4,8.5,23.0,1.0,1.0,1.0,1.0,,1.0,1.0,1.0,,,,1.0,,
Balewadi,2270,17840260,INR,,1,0,"It’s a 3 bhk builder floor situated in Gagan Developers Klara, Balewadi, Pune. The house is unfurnished. Its main door is facing east direction. This residential complex is under-construction as of now. The expected completion date is 01/09/2023. It is made in way to provide a comfortable living for the residents. Please contact for more details. ",1,east,0,0,1,1,1,1,1,1,1,1,1,1,8.8,,123.0,1.0,1.0,1.0,1.0,,1.0,,1.0,,,1.0,,,
Wadgaon Sheri,1293,8400000,INR,,0,0,"Well designed 2 bhk builder floor is available at a prime location in Wadgaon Sheri. It has an area of 1293 sqft with a carpet area of 924 sqft . The property is available at a price of Rs. 84.00 lac . It is east facing property. It is a 5 year old ready-to-move-in property. It is made in way to provide a comfortable living for the residents. The site is in close proximity to various civic utilities. If you are interested, please contact us for more details. ",1,east,0,5,1,1,0,1,1,1,1,1,0,0,,,,,1.0,,,,,,,,,,,,
Kondhwa,3700,21500000,INR,,0,0,"A 4 bhk property is available for sale in Sobha Limited Carnation, Kondhwa, Pune. It has a salable area of 3700 sqft and is available at a price of Rs. 5,810 per sqft. The house is furnished. Furnishings include 1 tv, 1 refrigerator, 1 sofa, 1 washing machine, 1 microwave, 1 dining table, 1 gas connection, 1 ac and 1 bed. It has gated_community. Other amenities include intercom, club house, power backup, community hall, children's play area, lift available, swimming pool, gymnasium and cctv. Its main door is facing east direction. This residential property is ready-to-move-in. The time you'll spend here will become the greatest moment of your life that will also help you to relieve, relax & evoke a great sense of happiness. The site is in close proximity to various civic utilities. Contact us for more details. ",1,east,1,11,1,1,1,1,1,1,1,1,1,0,8.8,8.5,27.0,,1.0,1.0,,,1.0,,1.0,,,,,,
Moshi,860,4296000,INR,,1,0,"Well designed 2 bhk builder floor is available at a prime location in Sonigara Corp Dwaarka World Ph 1. It has a salable area of 860 sqft and is available at a price of Rs. 4,995 per sqft. The house is unfurnished. Its main door is facing east direction. It is an under-construction property and is expected to get completed by 01/12/2025. The time you'll spend here will become the greatest moment of your life that will also help you to relieve, relax & evoke a great sense of happiness. The site is in close proximity to various civic utilities. Please contact us for more details. ",1,east,0,0,1,1,0,1,1,1,1,1,1,0,7.9,,23.0,,1.0,,,,,,,,,,,,
Lohegaon,617,3100000,INR,,1,0,"This spacious 1 bhk builder floor is available for sale and is located in Shree Ram Group Pune Kalash, one of the most prestigious projects of Lohegaon. It has a built-up area of 617 sqft and is priced at Rs. 31.00 lac . It is an unfurnished property. It has gymnasium. Other amenities include club_house, children's_play_area, lift(s), swimming_pool and full_power_backup. It is facing east direction. It is a ready-to-move-in property. Please contact us for more details. ",1,east,0,0,1,1,1,1,1,1,1,1,1,0,8.0,,22.0,1.0,1.0,1.0,,,,,,,,,,,
Mundhwa,650,2363000,INR,,1,0,"It’s a 1 bhk builder floor situated in Mundhwa, Pune. It has a built-up area of 650 sqft and is priced at Rs. 23.63 lac . It is an unfurnished property. It is east facing property. This residential property is ready-to-move-in. The time you'll spend here will become the greatest moment of your life that will also help you to relieve, relax & evoke a great sense of happiness. The site is in close proximity to various civic utilities. If you are interested, please contact us for more details. ",1,east,0,0,1,0,0,0,0,0,0,0,0,0,8.6,,,,,,,,,,,,,,,,
Baner,2700,32500000,INR,,0,0,"A 3 BHK Independent Floor for sale in Baner, Pune. This beautifully designed 3 BHK unit with all the modern-day comforts is one of Baner's most desired properties. Contact now for more information. This 3 BHK unit is on floor 1. There are 20 floors in this property. The price of this Independent Floor is Rs 3.25 Cr. Each unit has a built-up area of 2700 Square feet. The carpet area is 1900 Square feet. This North-facing property has an excellent view. There are 3 bedrooms. There is provision for 4 bathroom. This property is also equipped with a servant room. The Independent Floor in Baner, Pune has lift facility. It is a thoroughly secure premise with cctv facility. Other facilities include provisions for Gym, Garden, Sports Facility, Swimming Pool, Intercom, Clubhouse, Community Hall. This property also enjoys power backup facility. Regular water supply is available in this property. Kids have access to a dedicated kids area. This is a gated community. This residential property is near Vibgyor High International School, K. Sopanrao Baburao Katke Primary School, and Sopanrao Buburao Katake Prathmik School. It is also close to Saishree Hospital - Orthopedic Hospital in Pune | Joints replacement surgery in Pune, Dhanwantari Hospital, and Dhanvantari Hospital",1,north,0,0,1,1,1,1,1,1,1,1,1,1,9.1,8.6,53.0,1.0,1.0,1.0,1.0,1.0,1.0,1.0,,,1.0,,1.0,1.0,
Kharadi,520,3900000,INR,,1,0,"It’s a 1 bhk builder floor situated in Nirmiti Developers 25 East, Kharadi. It has an area of 520 sqft with a carpet area of 450 sqft . The property is available at a price of Rs. 39.00 lac . The house is unfurnished. This residential complex is under-construction as of now. The expected completion date is 01/09/2023. The time you'll spend here will become the greatest moment of your life that will also help you to relieve, relax & evoke a great sense of happiness. It is well connected to the city areas. Contact us for more details. ",1,,0,0,1,1,1,0,0,0,0,0,0,0,8.9,,34.0,1.0,1.0,1.0,,,,,,,,,,,
Lohegaon,910,5800000,INR,,1,0,"This spacious 2 bhk builder floor is available for sale and is located in Laxmi Developments Emerald Phase I, one of the most prestigious projects of Lohegaon. It has a salable area of 910 sqft and is available at a price of Rs. 6,373 per sqft. It is an unfurnished property. It is a 3 year old ready-to-move-in property. It is made in way to provide a comfortable living. The site is in close proximity to various civic utilities. Please contact us for more details. ",1,,0,2,1,1,0,1,1,1,1,0,0,0,8.0,,123.0,1.0,1.0,1.0,1.0,1.0,,,,,1.0,,,,
Lohegaon,850,4500000,INR,,1,0,"Well designed 2 bhk builder floor is available at a prime location in Lohegaon. It has an area of 850 sqft with a carpet area of 650 sqft . The property is available at a price of Rs. 45.00 lac . It is an unfurnished property. Its main door is facing west direction. It is a ready-to-move-in property. It is made in way to provide a comfortable living. It is well connected to the city areas. If you are interested, please contact us for more details. ",1,west,0,0,1,1,0,1,1,1,1,1,0,0,8.0,,,,,,,,,,,,,,,,
Baner,2236,14200000,INR,1,0,0,"Flat is very spacious and is available in a good location and society with all amenities such as Swimming pool, garden, club house, gym etc. Contact for more Details.  More About This Property 4 BHK Independent Floor for sale in Baner, Pune with modern-day amenities. The Independent Floor is in Baner which is a promising investment destination in Pune. This might be your chance to grab the best 4 BHK property for sale in Baner. The property is on floor 7 and the total number of floors is 14. This 4 BHK Independent Floor is available at a reasonable price of Rs 1.42 Cr. The built-up area is 2236 Square feet. This property has provision for 4 bathroom. This property is auspiciously built and is East-facing. Lift is provided in this property. Other provisions include Gym, Garden, Sports Facility, Intercom, Clubhouse, Community Hall. This property also enjoys power backup facility. Regular water supply is available. The property has cctv facility. A dedicated kids area is present in this project. It is a gated community. It enjoys a strategic location with many reputed and multispeciality hospitals nearby like Saishree Hospital - Orthopedic Hospital in Pune | Joints replacement surgery in Pune, Life Line Hospital, and Baner Multispeciality Hospital. The city's best schools like Vibgyor High International School, The Orchid School, and Indira Kids are also near this housing project",1,east,0,0,1,1,0,1,1,1,0,1,0,0,9.1,,,,1.0,,,,,,,,,,,,
Baner,980,7500000,INR,1,0,0,"It’s a 2 bhk builder floor situated in Vasudha Sai Kimaya, Baner. It has an area of 980 sqft . The property is available at a price of Rs. 75.00 lac . The house is unfurnished. It is facing east direction. This residential property is ready-to-move-in. The site is in close proximity to various civic utilities. ",1,east,0,11,1,1,1,0,1,1,1,0,1,0,9.1,8.0,22.0,1.0,,1.0,1.0,,,1.0,,,,,,,
Narhe,950,4500000,INR,,0,0,"This spacious 2 bhk builder floor is available for sale and is located in the heart of Narhe. It has an area of 950 sqft with a carpet area of 815 sqft . The property is available at a price of Rs. 45.00 lac . The house is furnished. It has 1 tv, 1 sofa, 1 sofa and 1 gas connection. It also has 1 bed. It is made in way to provide a comfortable living. The society is well connected by different modes of transportation. Please contact us for more details. ",1,north,1,0,1,1,0,1,0,0,0,1,0,0,,,,,1.0,,,,,,,,,,,,
Wakad,1021,5214000,INR,,1,0,"It has a built-up area of 1021 sqft and is priced at Rs. 52.14 lac . The house is unfurnished. It is west facing property. This residential property is ready-to-move-in. The time you'll spend here will become the greatest moment of your life that will also help you to relieve, relax & evoke a great sense of happiness. The site is in close proximity to various civic utilities. Please contact us for more details. ",1,west,0,0,1,1,1,1,1,1,1,1,1,1,9.4,8.1,123.0,1.0,1.0,1.0,,1.0,1.0,,,,1.0,,,1.0,
Tathawade,940,5500000,INR,,0,0,"2 BHK Independent Floor available for sale in Punawale, Punawale, Pune. Available amenities are: Gym, Swimming pool, Gas pipeline, Garden, Kids area, Sports facility, Lift. Independent Floor has 2 bedroom, 1 bathroom. It is 1 years old.",1,east,0,0,1,1,0,1,1,1,1,1,0,0,8.2,,123.0,,1.0,,,,,,,,,,,,
Baner,1650,35000000,INR,,0,0,"It’s a 3 bhk builder floor situated in Nandan Buildcon Prospera Gold, Baner. The house is unfurnished. It is made in way to provide a comfortable living. It is well connected to the city areas. Contact us for more details. ",1,,0,0,1,1,1,1,1,1,0,0,1,1,9.1,,24.0,1.0,,1.0,,1.0,,,,,,,,,
Pashan,3000,32000000,INR,,1,0,"4 BHK Independent Floor available for sale in Baner, Baner, Pune. Available amenities are: Lift. Independent Floor has 4 bedroom, 4 bathroom. It is 1 years old. Property is inside a gated community. Building has 9 floors.",1,east,0,1,1,1,0,0,0,0,0,0,0,0,,,,,1.0,,,,,,,,,,,,
Hinjawadi Village,1950,8600000,INR,0,1,0,"A 4 bhk property is available for sale in Hinjawadi Village, Pune. It has an area of 1950 sqft . The property is available at a price of Rs. 86.00 lac . The house is unfurnished. It is an under-construction property . It is made in way to provide a comfortable living for the residents. It is situated in the proximity of all the important facilities. Please contact us for more details. ",1,,0,0,0,0,0,0,0,0,0,0,0,0,,,,,,,,,,,,,,,,,
Kharadi,1060,6450000,INR,,0,0,"A 2 bhk property is available for sale in Dgcon Realtors Meera Casa, Kharadi, Pune. The house is unfurnished. It is east facing property. This residential property is ready-to-move-in. It is well connected to the city areas. ",1,east,0,0,1,0,0,0,0,0,0,0,0,0,8.9,,123.0,,,,,,,,,,,,,,
Baner,461,5100000,INR,,0,0,It has an area of 461 sqft with a carpet area of 328 sqft . The property is available at a price of Rs. 51.00 lac . It is an unfurnished property. It is a ready-to-move-in property. It is made in way to provide a comfortable living. It is situated in the proximity of all the important facilities. Please contact for more details. ,1,east,0,0,0,0,0,0,0,0,0,0,0,0,9.1,,,,,,,,,,,,,,,,
Wakad,770,7000000,INR,,1,1,,1,east,0,0,1,1,1,1,0,1,0,0,0,0,9.4,,123.0,1.0,,1.0,,,,,,,,,,,
Wadgaon Sheri,1276,8300000,INR,,0,0,"It has a built-up area of 1276 sqft and is priced at Rs. 83.00 lac . The house is semi-furnished. Its main door is facing west direction. This residential property is ready-to-move-in. The time you'll spend here will become the greatest moment of your life that will also help you to relieve, relax & evoke a great sense of happiness. The society is well connected by different modes of transportation. If you are interested, please contact us for more details. ",1,west,0,5,1,1,0,1,1,1,1,1,0,0,,,,,1.0,,,,,,,,,,,,
Lohegaon,700,3100000,INR,,1,0,"Well designed 1 bhk builder floor is available at a prime location in Lohegaon. It has an area of 700 sqft with a carpet area of 512 sqft . The property is available at a price of Rs. 31.00 lac . It is an unfurnished property. It is east facing property. It is a ready-to-move-in property. The time you'll spend here will become the greatest moment of your life that will also help you to relieve, relax & evoke a great sense of happiness. It is well connected to the city areas. If you are interested, please contact us for more details. ",1,east,0,0,1,1,0,1,1,0,0,0,0,0,8.0,,,,,,,,,,,,,,,,
Ambegaon Budruk,600,1300000,INR,,1,0,"It’s a 1 bhk builder floor situated in Ambegaon Budruk. It has a built-up area of 600 sqft and is priced at Rs. 13.00 lac . The house is unfurnished. This residential property is ready-to-move-in. If you are interested, please contact us for more details. ",1,,0,0,0,0,0,0,0,0,0,0,0,0,8.1,,,,,,,,,,,,,,,,
Tathawade,1200,7200000,INR,,0,0,"2 BHK Independent Floor available for sale in Tathawade, Tathawade, Pune. Available amenities are: Gym, Swimming pool, Gas pipeline, Garden, Kids area, Sports facility, Lift. Independent Floor has 2 bedroom, 2 bathroom. It is 1 years old.",1,east,0,4,1,1,1,1,1,1,1,1,1,1,8.2,8.5,20.0,1.0,1.0,1.0,1.0,1.0,1.0,1.0,1.0,1.0,,,,,
Baner,825,8000000,INR,,0,0,"A 2 bhk property is available for sale in Western Hills Phase 1, Baner, Pune. It has a built-up area of 825 sqft and is priced at Rs. 80.00 lac . This residential property is ready-to-move-in. The time you'll spend here will become the greatest moment of your life that will also help you to relieve, relax & evoke a great sense of happiness. The site is in close proximity to various civic utilities. ",1,,0,0,0,0,0,0,0,0,0,0,0,0,9.1,,2022.0,,,,,,,,,,,,,,
Balewadi,2368,12600000,INR,1,0,0,"Flat is very spacious and is available in a good society l with all amenities such as Swimming pool, garden, club house, gym etc. Contact for more details More About This Property One of the finest property in Balewadi is now available for sale. This is a 4 BHK Independent Floor. Make it yours now. It is on floor 9. It is a 16 storeyed building. The price of this Independent Floor is Rs 1.26 Cr. This Independent Floor is spacious with a built-up area of 2368 Square feet. It is a East-facing property with a good view. There are 4 bedrooms and 4 bathroom. Lift facility is also available. This is a gated community. This property is equipped with cctv facility. Health enthusiasts will enjoy the host of special facilities, such as provision for sports facility. Other facilities include Gym, Garden, Sports Facility, Swimming Pool, Intercom, Clubhouse, Community Hall. This property also enjoys power backup facility. This project has regular water supply. Kids area is also present. This property ensures you are a quick distance away from the city's best schools such as Vibgyor High International School, Bharati Vidyapeeth, and Baburao genuji balwadkar primary school. It is also close to good and reputed hospitals like Lifepoint Multispecialty Hospital, Dr.Mohan K.T., and Dhanwantari Hospital",1,east,0,0,1,1,0,1,1,1,1,1,0,0,8.8,,,,1.0,,,,,,,,,,,,
Maan,950,5500000,INR,1,0,0,"It’s a 2 bhk builder floor situated in Maan, Pune. It is an unfurnished property. It is a ready-to-move-in property. It is made in way to provide a comfortable living. It is situated in the proximity of all the important facilities. If you are interested, please contact us for more details. ",1,,0,0,0,0,0,0,0,0,0,0,0,0,,,,,,,,,,,,,,,,,
Wadgaon Sheri,573,2760000,INR,,1,0,"Well designed 1 bhk builder floor is available at a prime location in Wadgaon Sheri. It has a salable area of 573 sqft and is available at a price of Rs. 4,816 per sqft. It is an unfurnished property. It is south facing property. This residential property is ready-to-move-in. The time you'll spend here will become the greatest moment of your life that will also help you to relieve, relax & evoke a great sense of happiness. It is situated in the proximity of all the important facilities. If you are interested, please contact us for more details. ",1,south,0,0,0,0,0,0,0,0,0,0,0,0,9.3,,,,,,,,,,,,,,,,
Hinjewadi,800,4834300,INR,,1,0,"2 BHK Independent Floor available for sale in Hinjewadi, Hinjewadi, Pune. Available amenities are: Gym, Swimming pool, Gas pipeline, Garden, Kids area, Sports facility, Lift. Independent Floor has 2 bedroom, 2 bathroom.",1,east,0,0,1,1,0,1,1,1,1,1,1,0,8.0,,123.0,,1.0,,,1.0,,,,,,,,,
Bibwewadi Kondhwa Road,496,10700000,INR,,1,1,"A spacious 1 bhk builder floor is available for sale in Bibwewadi Kondhwa Road, Pune. It has a built-up area of 496 sqft and is priced at Rs. 1.07 cr (negotiable). It is an unfurnished property. This residential complex is under-construction as of now. The expected completion date is 01/03/2024. It is made in way to provide a comfortable living for the residents. It is situated in the proximity of all the important facilities. ",1,,0,0,0,0,0,0,0,0,0,0,0,0,,,,,,,,,,,,,,,,,
Lohegaon,851,4500000,INR,,1,0,Well designed 2 bhk builder floor is available at a prime location in Lohegaon. It has an area of 851 sqft with a carpet area of 650 sqft . The property is available at a price of Rs. 45.00 lac . The house is unfurnished. Its main door is facing west direction. This residential property is ready-to-move-in. It is made in way to provide a comfortable living. The site is in close proximity to various civic utilities. ,1,west,0,0,1,1,0,0,0,0,0,0,0,0,8.0,,,,,,,,,,,,,,,,
Mohammed wadi,900,5000000,INR,,0,0,"This spacious 2 bhk builder floor is available for sale and is located in the heart of Mohammed wadi. It has a salable area of 900 sqft and is available at a price of Rs. 5,555 per sqft. It is an unfurnished property. It is an under-construction property . It is made in way to provide a comfortable living for the residents. Please contact for more details. ",1,,0,0,0,0,0,0,0,0,0,0,0,0,,,,,,,,,,,,,,,,,
Shewalewadi,730,5000000,INR,1,0,0,"2 BHK Independent Floor available for sale in Survery No 65 Octorio Naka Grand Bay Society B3 Building Flat No 105 Solapur Highway Road Manjri Budhruk Hadapsar 412307, Shewalewadi, Shewalewadi, Pune. Available amenities are: Gym, Swimming pool, Gas pipelin",1,,1,0,0,0,0,0,0,0,0,0,0,0,,,,,,,,,,,,,,,,,
Kothrud,1840,8153000,INR,1,0,1,The house is unfurnished. The property provides an excellent view as it overlooks the road. The property is available on freehold. This residential property is ready-to-move-in. Please contact us for more details. ,1,,0,10,1,1,1,0,0,0,1,0,0,1,9.2,,52.0,,,1.0,,,,,,,,,,,
Tathawade,750,6158000,INR,0,1,1,"A spacious 2 bhk builder floor is available for sale in N B Bhondve Group Bhalchandra Upvan Phase I, Tathawade, Pune. It is an unfurnished property. It is on the 7th floor of the building (total number of floors are 13). It is northeast facing property. The property is available on freehold. It is an under-construction property and is expected to get completed by 01/02/2023. ",1,northeast,0,0,1,1,1,1,1,1,1,0,0,1,8.2,,123.0,,,1.0,,,,,1.0,,,,1.0,,
Undri,1870,7684000,INR,1,1,1,"It’s a 3 bhk builder floor situated in Asian Realty Riva, Undri. It has a built-up area of 1870 sqft and is priced at Rs. 76.84 lac (negotiable). It is an unfurnished property. It has 1 refrigerator, 1 sofa, 1 washing machine and 1 wifi. It also has 1 microwave, 1 dining table, 1 gas connection and 1 modular kitchen. It has intercom. Other amenities include indoor games, internet/wi-fi, maintenance staff, 24 x 7 security, power backup, swimming pool, water storage, cctv and lift available. One of the major USPs of the property is that it is a garden facing property. The property is available on freehold. It is a 2 year old ready-to-move-in property. It is made in way to provide a comfortable living. It is situated in the proximity of all the important facilities. If you are interested, please contact us for more details. ",1,west,0,2,1,1,1,1,1,1,1,1,0,1,8.3,,123.0,1.0,1.0,1.0,1.0,1.0,1.0,1.0,1.0,,1.0,,1.0,,
Baner,720,5400000,INR,1,1,0,"It has an area of 720 sqft . The property is available at a price of Rs. 54.00 lac . The house is unfurnished. It is east facing property. This residential property is ready-to-move-in. It is made in way to provide a comfortable living. It is situated in the proximity of all the important facilities. If you are interested, please contact us for more details. ",1,east,0,0,0,0,0,0,0,0,0,0,0,0,9.1,,,,,,,,,,,,,,,,
Wadgaon Sheri,483,2450000,INR,,0,0,"Well designed 1 bhk builder floor is available at a prime location in Wadgaon Sheri. It has a salable area of 483 sqft and is available at a price of Rs. 5,072 per sqft. The house is unfurnished. It is made in way to provide a comfortable living for the residents. Contact us for more details. ",1,east,0,0,0,0,0,0,0,0,0,0,0,0,9.3,,,,,,,,,,,,,,,,
Erandwane,1325,11500000,INR,,0,0,"A 2 bhk property is available for sale in Erandwane, Pune. It is an unfurnished property. It’s on 1st floor out of 2 floors building. It is facing east direction. The property is in a complex owned by a co-operative society. This residential property is ready-to-move-in. It is made in way to provide a comfortable living. It is well connected to the city areas. Please contact us for more details. ",1,east,0,15,0,0,0,0,0,0,0,0,0,0,,,,,,,,,,,,,,,,,
Bhukum,900,4800000,INR,,1,0,"99 acres of project with all the amenities garden , pool, car parking, 24/7 security, in built sahayadri hospital with proper road with the lakhhhe view. ready to move in in in in flats available. NOTE; we dont charge our customer as we are having direct tie up with bulder management. sample flats are also available for recognizing the flats.",1,southeast,0,1,1,1,1,0,0,0,1,0,0,0,,,39.0,,,1.0,,,,,,,,,,,
Dhanori,689,6000000,INR,1,0,0,"This spacious 2 bhk builder floor is available for sale and is located in the heart of Dhanori. It has a built-up area of 689 sqft and is priced at Rs. 60.00 lac . The house is semi-furnished. Its main door is facing east direction. It is a ready-to-move-in property. It is made in way to provide a comfortable living. It is situated in the proximity of all the important facilities. If you are interested, please contact us for more details. ",1,east,0,0,1,1,0,1,1,1,1,0,0,0,8.4,,,,1.0,,,,,,,,,,,,
Lohegaon,575,1950000,INR,,1,1,"this 1 bhk flat is available at lohegaon nimbalkar nagar, property is available at 2nd floor, location is hot and convinient to all other location from this site, all type of market is available at a diistance of few minutes frrom this location property is under construction and you will get posssession of this property within six month of time period .",1,north,0,0,0,0,0,0,0,0,0,0,0,0,,,,,,,,,,,,,,,,,
Pan Card Club Road,1300,10000000,INR,,1,0,"A spacious 3 bhk builder floor is available for sale in Pan Card Club Road, Pune. It is an unfurnished property. It is on 1st floor. The building has a total of 7 floor(s). It is a road facing property. The property is available on freehold. The property has 3 bathrooms and 3 balconies. It is made in way to provide a comfortable living for the residents. The society is well connected by different modes of transportation. Contact us for more details. ",1,east,0,0,1,1,1,0,0,0,0,0,0,0,,,,,,1.0,,,,,,,,,,,
Hadapsar,1800,14500000,INR,1,0,0,2 bhk flat available for sale indraprastha society in hadapsar pune has property area 1800 sq.ft area and it posses 1 balconies and at a very reasonable price with all amenities and a very low cost.,1,,0,3,0,0,0,0,0,0,0,0,0,0,9.4,6.9,123.0,,,1.0,,,,,,,,,,,
Kharadi,400,6650000,INR,,1,1,"This spacious 2 bhk builder floor is available for sale and is located in the heart of Kharadi. It has an area of 400 sqft with a carpet area of 266 sqft . The property is available at a price of Rs. 66.50 lac (negotiable ). It is an unfurnished property. It’s on 9th floor out of 9 floors building. It is northeast facing property. It has 1 bathroom and 1 balcony. This residential complex is under-construction as of now. The expected completion date is 31/12/2024. The time you'll spend here will become the greatest moment of your life that will also help you to relieve, relax & evoke a great sense of happiness. It is well connected to the city areas. Please contact us for more details. ",1,northeast,0,0,1,1,1,0,0,1,0,0,0,0,,,,,,1.0,,,,,,,,,,,
Lohegaon,851,4500000,INR,,1,0,It is an unfurnished property. It is facing east direction. This residential property is ready-to-move-in. It is made in way to provide a comfortable living for the residents. It is situated in the proximity of all the important facilities. ,1,east,0,0,1,1,0,0,0,0,0,0,0,0,8.0,,,,,,,,,,,,,,,,
Pimple Gurav,750,4200000,INR,1,0,0,"A spacious 2 bhk builder floor is available for sale in Pimple Gurav, Pune. It has a salable area of 750 sqft and is available at a price of Rs. 5,600 per sqft. The house is unfurnished. It is a ready-to-move-in property. The time you'll spend here will become the greatest moment of your life that will also help you to relieve, relax & evoke a great sense of happiness. It is situated in the proximity of all the important facilities. Please contact us for more details. ",1,,0,0,0,0,0,0,0,0,0,0,0,0,9.0,,,,,,,,,,,,,,,,
Guruwar Peth,160,3500000,INR,,1,1,"A 1 bhk property is available for sale in Guruwar Peth, Pune. It is facing north direction. It has 2 bathrooms and 1 balcony. This residential property is ready-to-move-in. Contact us for more details.",1,north,0,1,1,1,1,0,0,0,0,0,0,0,9.3,,,,,1.0,,,,,,,,,,,
Bhegade Aali,699,3500000,INR,1,0,0,"2 BHK Independent Floor available for sale in Flat No. C611, Talegaon Dabhade, Near D.y. Patil College Of Engineering, Pune, Talegaon Dabhade, Pune. Available amenities are: Gym, Swimming pool, Garden, Kids area, Sports facility, Lift.",1,east,0,3,1,1,0,1,1,1,1,1,0,0,,,,,,,,,,,,,,,,,
Bhugaon,660,3400000,INR,1,0,0,"1 BHK Independent Floor available for sale in Flat No.a2403, Parana Society, Near Shedgewadi, Padmavati Devi Mandir, Bhugaon, Pune., Bhugaon, Pune. Available amenities are: Sports facility, Lift. Independent Floor has 1 bedroom, 1 bathroom.",1,east,0,0,1,0,0,0,0,0,0,1,0,0,7.6,,,,,,,,,,,,,,,,
Pimple Gurav,700,3400000,INR,1,0,0,"A spacious 1 bhk builder floor is available for sale in Yashada Realty Siddhi, Pimple Gurav, Pune. It has a salable area of 700 sqft and is available at a price of Rs. 4,857 per sqft. Its main door is facing north direction. The property is available on freehold. The property has 1 bathroom and 1 balcony. It is a ready-to-move-in property. It is made in way to provide a comfortable living. It is situated in the proximity of all the important facilities. Please contact for more details. ",1,north,0,0,0,0,0,0,0,0,0,0,0,0,9.0,,22.0,,,1.0,,,,,,,,,,,
Guruwar Peth,2333,40000000,INR,1,0,1,"Well designed 6 bhk builder floor is available at a prime location in Guruwar Peth. It has a built-up area of 2333 sqft and is priced at Rs. 4.00 cr (negotiable). The house is unfurnished. It has 4 bathrooms and 2 balconies. It is a 50 year old ready-to-move-in property. The site is in close proximity to various civic utilities. If you are interested, please contact us for more details. ",1,,0,50,0,0,0,0,0,0,0,0,0,0,,,,,,,,,,,,,,,,,
Lohegaon,900,2500000,INR,,0,0,"1 BHK Independent Floor available for sale in Swamismarth Nagar, Lohegaon.410015, Lohegaon, Pune. Independent Floor has 1 bedroom, bathroom. Building has 4 floors.",1,,0,0,0,0,0,0,0,0,0,0,0,0,8.0,,,,,,,,,,,,,,,,
Alandi Road,550,1800000,INR,,0,1,Well designed 1 bhk builder floor is available at a prime location in Alandi Road. It is an unfurnished property. The property has 1 bathroom and 1 balcony. It is a 9 year old ready-to-move-in property. It is made in way to provide a comfortable living. It is well connected to the city areas. Kindly call us for details. ,1,,0,9,0,0,0,0,0,0,0,0,0,0,,,,,,,,,,,,,,,,,
MAE Campus,600,1500000,INR,,0,0,Well designed 1 bhk builder floor is available at a prime location in MAE Campus. It has a built-up area of 600 sqft and is priced at Rs. 15.00 lac . The house is unfurnished. It is a 2 year old ready-to-move-in property. It is made in way to provide a comfortable living for the residents. The site is in close proximity to various civic utilities. Kindly call us for details. ,1,,0,3,0,0,0,0,0,0,0,0,0,0,,,,,,,,,,,,,,,,,
Vishrantwadi,600,1000000,INR,,0,1,"This spacious 1 bhk builder floor is available for sale and is located in the heart of Vishrantwadi. The house is semi-furnished. It is on the 1st floor of the building (total number of floors are 2). It has power backup. Other amenities include jogging track, gymnasium and swimming pool. It is a 14 year old ready-to-move-in property. Please contact us for more details. ",1,north,0,14,0,1,0,1,0,1,1,0,1,1,8.9,,,,,,,,,,,1.0,,1.0,,1.0,1.0
Hinjawadi Village,940,5400000,INR,0,1,0,"A spacious 2 bhk builder floor is available for sale in Hinjawadi Village, Pune. It has a built-up area of 940 sqft and is priced at Rs. 54.00 lac . This residential complex is under-construction as of now. . It is well connected to the city areas. If you are interested, please contact us for more details. ",1,,0,0,0,0,0,0,0,0,0,0,0,0,,,,,,,,,,,,,,,,,
Hinjawadi Village,2025,9900000,INR,0,1,0,"A 4 bhk property is available for sale in Hinjawadi Village, Pune. The house is unfurnished. This residential complex is under-construction as of now. . It is made in way to provide a comfortable living. The society is well connected by different modes of transportation. If you are interested, please contact us for more details. ",1,,0,0,0,0,0,0,0,0,0,0,0,0,,,,,,,,,,,,,,,,,
Lohegaon,700,3100000,INR,,1,0,Well designed 1 bhk builder floor is available at a prime location in Lohegaon. It has an area of 700 sqft with a carpet area of 512 sqft . The property is available at a price of Rs. 31.00 lac . The house is unfurnished. It is a ready-to-move-in property. It is made in way to provide a comfortable living. Contact us for more details. ,1,east,0,0,1,1,0,0,1,1,0,0,0,0,8.0,,,,,,,,,,,,,,,,
Hinjawadi Village,1920,9800000,INR,0,1,0,Well designed 4 bhk builder floor is available at a prime location in Hinjawadi Village. The house is unfurnished. This residential complex is under-construction as of now. . It is made in way to provide a comfortable living for the residents. It is well connected to the city areas. Please contact us for more details. ,1,east,0,0,0,0,0,0,0,0,0,0,0,0,,,,,,,,,,,,,,,,,
Kharadi,1722,27500000,INR,,1,1,This spacious 2 bhk builder floor is available for sale and is located in the heart of Kharadi. It has a built-up area of 1722 sqft and is priced at Rs. 2.75 cr (negotiable). It is an unfurnished property. It is on 9th floor. The building has a total of 11 floor(s). It is made in way to provide a comfortable living for the residents. ,1,north,0,0,0,0,0,0,0,0,0,0,0,0,8.9,,,,,,,,,,,,,,,,
Wagholi,692,3000000,INR,,0,0,,1,east,0,8,1,1,1,1,1,1,1,0,1,0,8.0,8.2,123.0,1.0,,1.0,1.0,1.0,1.0,1.0,,1.0,1.0,1.0,,1.0,1.0
Mundhwa,780,3509220,INR,0,1,1,"
Insignia by Mantra Properties, located in Mundhwa, Pune brings you a spacious 2 bedrooms apartment with 2 bathrooms and 1 balcony.
Currently in Under Construction status, this apartment is of 780 sqft. and per sqft price is Rs. 4,499.

The total price of the property is Rs. 35.09 Lacs.

Toilets have Vitrified Tiles, Sanitary fittings and Branded CP Fitting. Kitchen has Black Granite Platform and Vitrified Tiles. Balcony, Toilets, Master Bedroom and Kitchen have Vitrified Tiles. Exterior has Sand Faced Plaster and Interior wall has Gypsum Finish. Main wall has Wooden Door Frames of Panelled Ghana or Equivalent Teak. Windows have Powder coated aluminium sliding windows.

The project has Swimming Pool, Club House, 24 X 7 Security, Jogging Track, Power Backup, Landscaped Gardens, Gymnasium, Children's play area, Rain Water Harvesting, Intercom, Indoor Games, Car Parking, Multipurpose Room, Senior Citizen Seating Area, Yoga/Meditation Room, Decorative Entrance Lobby, Garbage Chute, Kids Pool, Party Lawn, Table Games and Branded Spa With Creche Facility. It also has Movie Theatre, Cafe Lounge, Roof Top Sky Lounge, Cardio Studio, Utility, Retail Shops, Lift Available, Staff Quarter, Vaastu Compliant, Golf Course, Sports Facility, Maintenance Staff, Shopping Mall, ATM, Closed Car Parking, School, Hospital, CCTV, Community Hall, Gated Community, Water Supply and Gated Community.
",1,,0,0,1,1,1,1,1,1,1,1,1,0,8.6,8.2,20.0,1.0,1.0,1.0,1.0,1.0,1.0,1.0,,,,1.0,,,
Mundhwa,896,4031104,INR,0,1,1,"
This 2bhk apartment in Mantra Properties Insignia is Under Construction. 
It has 2 bathrooms and 1 balcony.
It is 896 sqft. in area.
Toilets have Vitrified Tiles, Sanitary fittings and Branded CP Fitting. Kitchen has Black Granite Platform and Vitrified Tiles. Balcony, Toilets, Master Bedroom and Kitchen have Vitrified Tiles. Exterior has Sand Faced Plaster and Interior wall has Gypsum Finish. Main wall has Wooden Door Frames of Panelled Ghana or Equivalent Teak. Windows have Powder coated aluminium sliding windows.

Among the amenities, the project has Swimming Pool, Club House, 24 X 7 Security, Jogging Track, Power Backup, Landscaped Gardens, Gymnasium, Children's play area, Rain Water Harvesting, Intercom, Indoor Games, Car Parking, Multipurpose Room, Senior Citizen Seating Area, Yoga/Meditation Room, Decorative Entrance Lobby, Garbage Chute, Kids Pool, Party Lawn, Table Games and Branded Spa With Creche Facility. It also has Movie Theatre, Cafe Lounge, Roof Top Sky Lounge, Cardio Studio, Utility, Retail Shops, Lift Available, Staff Quarter, Vaastu Compliant, Golf Course, Sports Facility, Maintenance Staff, Shopping Mall, ATM, Closed Car Parking, School, Hospital, CCTV, Community Hall, Gated Community, Water Supply and Gated Community.

The apartment is priced at INR 40.31 Lacs.

An additional benefit is that it already has a pre-approved home loan of Rs. 32.25 Lacs from HDFC (5244), SBI (MUM95026), ICICI (HF 199387), Axis Bank and PNB Housing.
",1,,0,0,1,1,1,1,1,1,1,1,1,0,8.6,8.2,20.0,1.0,1.0,1.0,1.0,1.0,1.0,1.0,,,,1.0,,,
Mundhwa,976,4391024,INR,0,1,1,"
This 2bhk apartment in Mundhwa, Pune is with 2 bathrooms and 1 balcony.
It is present in the project Insignia Mantra Properties which is Under Construction.
The price of the property is INR 43.91 Lacs.

Toilets have Vitrified Tiles, Sanitary fittings and Branded CP Fitting. Kitchen has Black Granite Platform and Vitrified Tiles. Balcony, Toilets, Master Bedroom and Kitchen have Vitrified Tiles. Exterior has Sand Faced Plaster and Interior wall has Gypsum Finish. Main wall has Wooden Door Frames of Panelled Ghana or Equivalent Teak. Windows have Powder coated aluminium sliding windows.

The tower has a maximum of 13 floors.

The project amenities include Swimming Pool, Club House, 24 X 7 Security, Jogging Track, Power Backup, Landscaped Gardens, Gymnasium, Children's play area, Rain Water Harvesting, Intercom, Indoor Games, Car Parking, Multipurpose Room, Senior Citizen Seating Area, Yoga/Meditation Room, Decorative Entrance Lobby, Garbage Chute, Kids Pool, Party Lawn, Table Games and Branded Spa With Creche Facility. It also has Movie Theatre, Cafe Lounge, Roof Top Sky Lounge, Cardio Studio, Utility, Retail Shops, Lift Available, Staff Quarter, Vaastu Compliant, Golf Course, Sports Facility, Maintenance Staff, Shopping Mall, ATM, Closed Car Parking, School, Hospital, CCTV, Community Hall, Gated Community, Water Supply and Gated Community.

With an area of 976 sqft, it is priced at Rs 4,499/sqft.
HDFC (5244), SBI (MUM95026), ICICI (HF 199387), Axis Bank and PNB Housing have offered a pre-approved home loan which can be paid back with easy monthly installments of Rs. 36,289 per month over 20 years.
",1,,0,0,1,1,1,1,1,1,1,1,1,0,8.6,8.2,20.0,1.0,1.0,1.0,1.0,1.0,1.0,1.0,,,,1.0,,,
Kharadi,1380,8694000,INR,,1,1,"
Riverdale Residences I by Duville Estates Private Limited, located in Kharadi, Pune brings you a spacious 3 bedrooms apartment with 3 bathrooms and 1 balcony.
Currently in Under Construction status, this apartment is of 1380 sqft. and per sqft price is Rs. 6,300.

The total price of the property is Rs. 86.94 Lacs.

Kitchen has Moduler Kitchen with Chimney & HOB, Italian Modular Cabinets, Anti Skid Vitrified Tiles, Granite platform and Provision For Water Purifier and Exhaust Fan. Toilets have Provision for Geyser, Anti Skid Vitrified Tiles, Premium Sanitary Fittings and Premium CP Fittings. Points have Master Bedroom, Living and Kitchen. Kitchen and Toilets have Anti Skid Vitrified Tiles. Windows have French Windows. Other Bedroom has High end vitrified tiles flooring in all other bedrooms, Master Bedroom has Wooden flooring and Dining room has Vitrified Tiles.

The project has Gymnasium, Swimming Pool, Club House, Sports Facility, Jogging Track, Car Free Landscaped Podiums, Mini Football Ground, Space Optimized Apartments, Lounge Area, Podium Party Lawn, Podium Yoga Zone, Open Party Lawn, Multi Purpose Sports Court, Seniors Area With Reflexology Paving, Power Backup, Lift Available, Rain Water Harvesting, 24 X 7 Security, Car Parking, Staff Quarter, Vaastu Compliant, Indoor Games, Closed Car Parking, Children's play area, Landscaped Gardens, Maintenance Staff, Video Door Phones, Double Height Entrance Lobby, International Architecture & Design, Solar Powered Lighting, Separate Wet/Dry Garbage Chutes, Pet Zone, Services, Pet Zone, Services and Library/Lounge Area. It also has Badminton Court, Space Optimised Apartments, Car Free Landscaped Podiums, CCTV, Badminton Court, Basketball Court, Community Hall, Cricket Pitch, Gated Community, Library, Tennis Court, Intercom, Shopping Mall, School, Hospital, ATM, Open Car Parking, Cafeteria, Multipurpose Room, Water_Supply, Aggregate area of recreational Open Space, Community Buildings, Electrical Meter Room, Sub-Station, Receiving Station, Energy management, Fire Protection And Fire Safety Requirements, Internal Roads & Footpaths, Landscaping & Tree Planting, Open Parking, Sewerage (Chamber, Lines, Septic Tank , STP), Solid Waste Management And Disposal, Storm Water Drains, Street Lighting, Treatment And Disposal Of Sewage And Sullage Water and Water Conservation, Rain water Harvesting.
",1,,0,0,1,1,1,1,1,1,1,1,1,0,8.9,7.8,123.0,1.0,,1.0,1.0,1.0,1.0,1.0,,,1.0,,,,
Kharadi,1384,8719200,INR,,1,1,"
This 3bhk apartment in Kharadi, Pune is with 3 bathrooms and 1 balcony.
It is present in the project Riverdale Residences I Duville Estates Private Limited which is Under Construction.
The price of the property is INR 87.19 Lacs.

Kitchen has Moduler Kitchen with Chimney & HOB, Italian Modular Cabinets, Anti Skid Vitrified Tiles, Granite platform and Provision For Water Purifier and Exhaust Fan. Toilets have Provision for Geyser, Anti Skid Vitrified Tiles, Premium Sanitary Fittings and Premium CP Fittings. Points have Master Bedroom, Living and Kitchen. Kitchen and Toilets have Anti Skid Vitrified Tiles. Windows have French Windows. Other Bedroom has High end vitrified tiles flooring in all other bedrooms, Master Bedroom has Wooden flooring and Dining room has Vitrified Tiles.

The tower has a maximum of 23 floors.

The project amenities include Gymnasium, Swimming Pool, Club House, Sports Facility, Jogging Track, Car Free Landscaped Podiums, Mini Football Ground, Space Optimized Apartments, Lounge Area, Podium Party Lawn, Podium Yoga Zone, Open Party Lawn, Multi Purpose Sports Court, Seniors Area With Reflexology Paving, Power Backup, Lift Available, Rain Water Harvesting, 24 X 7 Security, Car Parking, Staff Quarter, Vaastu Compliant, Indoor Games, Closed Car Parking, Children's play area, Landscaped Gardens, Maintenance Staff, Video Door Phones, Double Height Entrance Lobby, International Architecture & Design, Solar Powered Lighting, Separate Wet/Dry Garbage Chutes, Pet Zone, Services, Pet Zone, Services and Library/Lounge Area. It also has Badminton Court, Space Optimised Apartments, Car Free Landscaped Podiums, CCTV, Badminton Court, Basketball Court, Community Hall, Cricket Pitch, Gated Community, Library, Tennis Court, Intercom, Shopping Mall, School, Hospital, ATM, Open Car Parking, Cafeteria, Multipurpose Room, Water_Supply, Aggregate area of recreational Open Space, Community Buildings, Electrical Meter Room, Sub-Station, Receiving Station, Energy management, Fire Protection And Fire Safety Requirements, Internal Roads & Footpaths, Landscaping & Tree Planting, Open Parking, Sewerage (Chamber, Lines, Septic Tank , STP), Solid Waste Management And Disposal, Storm Water Drains, Street Lighting, Treatment And Disposal Of Sewage And Sullage Water and Water Conservation, Rain water Harvesting.

With an area of 1384 sqft, it is priced at Rs 6,300/sqft.
HDFC (5244), SBI (MUM95026), ICICI (HF 199387) and Axis Bank have offered a pre-approved home loan which can be paid back with easy monthly installments of Rs. 72,060 per month over 20 years.
",1,,0,0,1,1,1,1,1,1,1,1,1,0,8.9,7.8,123.0,1.0,,1.0,1.0,1.0,1.0,1.0,,,1.0,,,,
Kharadi,1558,9503800,INR,,1,1,"
Riverdale Residences I by Duville Estates Private Limited, located in Kharadi, Pune brings you a spacious 3 bedrooms apartment with 3 bathrooms and 1 balcony.
Currently in Under Construction status, this apartment is of 1558 sqft. and per sqft price is Rs. 6,100.

The total price of the property is Rs. 95.04 Lacs.

Kitchen has Moduler Kitchen with Chimney & HOB, Italian Modular Cabinets, Anti Skid Vitrified Tiles, Granite platform and Provision For Water Purifier and Exhaust Fan. Toilets have Provision for Geyser, Anti Skid Vitrified Tiles, Premium Sanitary Fittings and Premium CP Fittings. Points have Master Bedroom, Living and Kitchen. Kitchen and Toilets have Anti Skid Vitrified Tiles. Windows have French Windows. Other Bedroom has High end vitrified tiles flooring in all other bedrooms, Master Bedroom has Wooden flooring and Dining room has Vitrified Tiles.

The project has Gymnasium, Swimming Pool, Club House, Sports Facility, Jogging Track, Car Free Landscaped Podiums, Mini Football Ground, Space Optimized Apartments, Lounge Area, Podium Party Lawn, Podium Yoga Zone, Open Party Lawn, Multi Purpose Sports Court, Seniors Area With Reflexology Paving, Power Backup, Lift Available, Rain Water Harvesting, 24 X 7 Security, Car Parking, Staff Quarter, Vaastu Compliant, Indoor Games, Closed Car Parking, Children's play area, Landscaped Gardens, Maintenance Staff, Video Door Phones, Double Height Entrance Lobby, International Architecture & Design, Solar Powered Lighting, Separate Wet/Dry Garbage Chutes, Pet Zone, Services, Pet Zone, Services and Library/Lounge Area. It also has Badminton Court, Space Optimised Apartments, Car Free Landscaped Podiums, CCTV, Badminton Court, Basketball Court, Community Hall, Cricket Pitch, Gated Community, Library, Tennis Court, Intercom, Shopping Mall, School, Hospital, ATM, Open Car Parking, Cafeteria, Multipurpose Room, Water_Supply, Aggregate area of recreational Open Space, Community Buildings, Electrical Meter Room, Sub-Station, Receiving Station, Energy management, Fire Protection And Fire Safety Requirements, Internal Roads & Footpaths, Landscaping & Tree Planting, Open Parking, Sewerage (Chamber, Lines, Septic Tank , STP), Solid Waste Management And Disposal, Storm Water Drains, Street Lighting, Treatment And Disposal Of Sewage And Sullage Water and Water Conservation, Rain water Harvesting.
",1,,0,0,1,1,1,1,1,1,1,1,1,0,8.9,7.8,123.0,1.0,,1.0,1.0,1.0,1.0,1.0,,,1.0,,,,
Kharadi,1565,9546500,INR,,1,1,"
This 3bhk apartment in Duville Estates Private Limited Riverdale Residences I is Under Construction. 
It has 3 bathrooms and 1 balcony.
It is 1565 sqft. in area.
Kitchen has Moduler Kitchen with Chimney & HOB, Italian Modular Cabinets, Anti Skid Vitrified Tiles, Granite platform and Provision For Water Purifier and Exhaust Fan. Toilets have Provision for Geyser, Anti Skid Vitrified Tiles, Premium Sanitary Fittings and Premium CP Fittings. Points have Master Bedroom, Living and Kitchen. Kitchen and Toilets have Anti Skid Vitrified Tiles. Windows have French Windows. Other Bedroom has High end vitrified tiles flooring in all other bedrooms, Master Bedroom has Wooden flooring and Dining room has Vitrified Tiles.

Among the amenities, the project has Gymnasium, Swimming Pool, Club House, Sports Facility, Jogging Track, Car Free Landscaped Podiums, Mini Football Ground, Space Optimized Apartments, Lounge Area, Podium Party Lawn, Podium Yoga Zone, Open Party Lawn, Multi Purpose Sports Court, Seniors Area With Reflexology Paving, Power Backup, Lift Available, Rain Water Harvesting, 24 X 7 Security, Car Parking, Staff Quarter, Vaastu Compliant, Indoor Games, Closed Car Parking, Children's play area, Landscaped Gardens, Maintenance Staff, Video Door Phones, Double Height Entrance Lobby, International Architecture & Design, Solar Powered Lighting, Separate Wet/Dry Garbage Chutes, Pet Zone, Services, Pet Zone, Services and Library/Lounge Area. It also has Badminton Court, Space Optimised Apartments, Car Free Landscaped Podiums, CCTV, Badminton Court, Basketball Court, Community Hall, Cricket Pitch, Gated Community, Library, Tennis Court, Intercom, Shopping Mall, School, Hospital, ATM, Open Car Parking, Cafeteria, Multipurpose Room, Water_Supply, Aggregate area of recreational Open Space, Community Buildings, Electrical Meter Room, Sub-Station, Receiving Station, Energy management, Fire Protection And Fire Safety Requirements, Internal Roads & Footpaths, Landscaping & Tree Planting, Open Parking, Sewerage (Chamber, Lines, Septic Tank , STP), Solid Waste Management And Disposal, Storm Water Drains, Street Lighting, Treatment And Disposal Of Sewage And Sullage Water and Water Conservation, Rain water Harvesting.

The apartment is priced at INR 95.47 Lacs.

An additional benefit is that it already has a pre-approved home loan of Rs. 76.37 Lacs from HDFC (5244), SBI (MUM95026), ICICI (HF 199387) and Axis Bank.
",1,,0,0,1,1,1,1,1,1,1,1,1,0,8.9,7.8,123.0,1.0,,1.0,1.0,1.0,1.0,1.0,,,1.0,,,,
Mundhwa,1245,5601255,INR,0,1,1,"
Insignia by Mantra Properties, located in Mundhwa, Pune brings you a spacious 3 bedrooms apartment with 3 bathrooms and 1 balcony.
Currently in Under Construction status, this apartment is of 1245 sqft. and per sqft price is Rs. 4,499.

The total price of the property is Rs. 56.01 Lacs.

Toilets have Vitrified Tiles, Sanitary fittings and Branded CP Fitting. Kitchen has Black Granite Platform and Vitrified Tiles. Balcony, Toilets, Master Bedroom and Kitchen have Vitrified Tiles. Exterior has Sand Faced Plaster and Interior wall has Gypsum Finish. Main wall has Wooden Door Frames of Panelled Ghana or Equivalent Teak. Windows have Powder coated aluminium sliding windows.

The project has Swimming Pool, Club House, 24 X 7 Security, Jogging Track, Power Backup, Landscaped Gardens, Gymnasium, Children's play area, Rain Water Harvesting, Intercom, Indoor Games, Car Parking, Multipurpose Room, Senior Citizen Seating Area, Yoga/Meditation Room, Decorative Entrance Lobby, Garbage Chute, Kids Pool, Party Lawn, Table Games and Branded Spa With Creche Facility. It also has Movie Theatre, Cafe Lounge, Roof Top Sky Lounge, Cardio Studio, Utility, Retail Shops, Lift Available, Staff Quarter, Vaastu Compliant, Golf Course, Sports Facility, Maintenance Staff, Shopping Mall, ATM, Closed Car Parking, School, Hospital, CCTV, Community Hall, Gated Community, Water Supply and Gated Community.
",1,,0,0,1,1,1,1,1,1,1,1,1,0,8.6,8.2,20.0,1.0,1.0,1.0,1.0,1.0,1.0,1.0,,,,1.0,,,
Hinjewadi,662,3044538,INR,0,1,1,"
This 1bhk apartment in Hinjewadi, Pune is with 2 bathrooms and 1 balcony.
It is present in the project Itrend Homes Saheel Properties which is Under Construction.
The price of the property is INR 30.45 Lacs.

Toilets have Anti Skid Tiles, Glazed Tiles Dado and CP Fittings. Kitchen has Glazed Tiles Dado up to Lintel Level, Vitrified Tiles, Granite platform with stainless steel sink and Exhaust Fan. Points have Master Bedroom, Other Bedroom, Living, Dining, Kitchen and Hall. Balcony and Toilets have Anti Skid Tiles. Master Bedroom and Kitchen have Vitrified Tiles. Living/Dining and Other Bedroom have Vitrified tiles. Exterior has Semi Acrylic Paint and Interior wall has Good Quality Paint. Wiring has Concealed Copper Wiring with Circuit Breakers, Windows have 3 Track Powder Coated Aluminium Windows and Switches has Modular Switches.

The tower has a maximum of 17 floors.

The project amenities include Gymnasium, Swimming Pool, Video Door Phone, Box Cricket, Badminton Court, Tennis Court, Volley Ball Court, Basket Ball Court, CCTV, Cricket Area, Party Lawn, Barbeque Area, Community Hall, Meditation Point, Gazebo, Futsal, Children's play area, Club House, Rain Water Harvesting, Intercom, 24 X 7 Security, Power Backup, Landscaped Gardens, Cafeteria, Multipurpose Room and Car Parking. It also has Lift Available, Solar Water Heater, Sitting Area For Elders, Designer Entrance Lobbies, Impressive Entry Gate With Tagged Entry, Studio Space, Podium Top, Guest Room, Sports Facility, Jogging Track, Indoor Games, Closed Car Parking, Open Car Parking, Techno Spaces, Staff Quarter, Vaastu Compliant, Shopping Mall, School, Hospital, ATM, Maintenance Staff, Golf Course, CCTV, Community Hall, Gated Community and Water Supply.

With an area of 662 sqft, it is priced at Rs 4,599/sqft.
HDFC (5244) and ICICI (HF 199387) have offered a pre-approved home loan which can be paid back with easy monthly installments of Rs. 25,161 per month over 20 years.
",1,,0,0,1,1,1,1,1,1,1,1,0,0,8.0,,2022.0,1.0,1.0,1.0,,1.0,1.0,,1.0,,,,,,
Hinjewadi,660,3035340,INR,0,1,1,"
This 1bhk apartment in Hinjewadi, Pune is with 2 bathrooms and 1 balcony.
It is present in the project Itrend Homes Saheel Properties which is Under Construction.
The price of the property is INR 30.35 Lacs.

Toilets have Anti Skid Tiles, Glazed Tiles Dado and CP Fittings. Kitchen has Glazed Tiles Dado up to Lintel Level, Vitrified Tiles, Granite platform with stainless steel sink and Exhaust Fan. Points have Master Bedroom, Other Bedroom, Living, Dining, Kitchen and Hall. Balcony and Toilets have Anti Skid Tiles. Master Bedroom and Kitchen have Vitrified Tiles. Living/Dining and Other Bedroom have Vitrified tiles. Exterior has Semi Acrylic Paint and Interior wall has Good Quality Paint. Wiring has Concealed Copper Wiring with Circuit Breakers, Windows have 3 Track Powder Coated Aluminium Windows and Switches has Modular Switches.

The tower has a maximum of 17 floors.

The project amenities include Gymnasium, Swimming Pool, Video Door Phone, Box Cricket, Badminton Court, Tennis Court, Volley Ball Court, Basket Ball Court, CCTV, Cricket Area, Party Lawn, Barbeque Area, Community Hall, Meditation Point, Gazebo, Futsal, Children's play area, Club House, Rain Water Harvesting, Intercom, 24 X 7 Security, Power Backup, Landscaped Gardens, Cafeteria, Multipurpose Room and Car Parking. It also has Lift Available, Solar Water Heater, Sitting Area For Elders, Designer Entrance Lobbies, Impressive Entry Gate With Tagged Entry, Studio Space, Podium Top, Guest Room, Sports Facility, Jogging Track, Indoor Games, Closed Car Parking, Open Car Parking, Techno Spaces, Staff Quarter, Vaastu Compliant, Shopping Mall, School, Hospital, ATM, Maintenance Staff, Golf Course, CCTV, Community Hall, Gated Community and Water Supply.

With an area of 660 sqft, it is priced at Rs 4,599/sqft.
HDFC (5244) and ICICI (HF 199387) have offered a pre-approved home loan which can be paid back with easy monthly installments of Rs. 25,085 per month over 20 years.
",1,,0,0,1,1,1,1,1,1,1,1,0,0,8.0,,2022.0,1.0,1.0,1.0,,1.0,1.0,,1.0,,,,,,
Wagholi,686,4500000,INR,1,0,0,,1,east,0,7,1,1,1,1,1,1,1,0,1,0,8.0,8.3,25.0,1.0,,1.0,1.0,1.0,1.0,1.0,,1.0,,1.0,1.0,1.0,1.0
Fursungi,643,1986870,INR,1,1,1,"
This 1bhk apartment in Majestique Landmarks Aqua is Completed. 
It has 1 bathroom.
It is 643 sqft. in area.
Toilets have Designer Tiles Dado up to Lintel Level, Jaguar or equivalents CP fittings and Cera or equivalent, quality CP fittings and sanitary wares. Points have Master Bedroom, Other Bedroom and Living. Kitchen has Dado up to 2 ft Height above Platform in Ceramic Glazed Tiles, Vitrified Flooring and Granite counter with stainless steel sink. Other Bedroom, Kitchen and Master Bedroom have Vitrified Flooring. Internal wall has Hard Wooden Door Frame with Skin Moulded Doors. Wiring has Concealed copper wiring Poly cab or equivalent, Switches has Switch, Sockets and DBs Legrand or equivalent and Windows have Aluminium powder coated sliding windows with M.S safety grills. Balcony has Balconies with antiskid tiles and Dining room has Vitrified flooring.

Among the amenities, the project has Gymnasium, Swimming Pool, Children's play area, Multipurpose Room, 24 X 7 Security, Power Backup, Landscaped Gardens, Indoor Games, Car Parking, Lift Available, Designer Entrance Gate, Party Lawn and Landscaped Entrance. It also has Meditation Zone, Senior Citizens Seating, Solar Water Heater, Sewage Treatment And Water Saving Plant, Waiting Lounge, Royal Entrance Lobby, Professionally Designed Garden, Open Car Parking, Closed Car Parking, Rain Water Harvesting, School and Hospital.

The apartment is priced at INR 19.87 Lacs.

",1,,0,4,0,0,0,0,0,0,0,0,0,0,,,,,,,,,,,,,,,,,
Fursungi,897,2771730,INR,1,1,1,"
This 2bhk apartment in Fursungi, Pune is with 2 bathrooms.
It is present in the project Aqua Majestique Landmarks which is Completed.
The price of the property is INR 27.72 Lacs.

Toilets have Designer Tiles Dado up to Lintel Level, Jaguar or equivalents CP fittings and Cera or equivalent, quality CP fittings and sanitary wares. Points have Master Bedroom, Other Bedroom and Living. Kitchen has Dado up to 2 ft Height above Platform in Ceramic Glazed Tiles, Vitrified Flooring and Granite counter with stainless steel sink. Other Bedroom, Kitchen and Master Bedroom have Vitrified Flooring. Internal wall has Hard Wooden Door Frame with Skin Moulded Doors. Wiring has Concealed copper wiring Poly cab or equivalent, Switches has Switch, Sockets and DBs Legrand or equivalent and Windows have Aluminium powder coated sliding windows with M.S safety grills. Balcony has Balconies with antiskid tiles and Dining room has Vitrified flooring.

The tower has a maximum of 7 floors.

The project amenities include Gymnasium, Swimming Pool, Children's play area, Multipurpose Room, 24 X 7 Security, Power Backup, Landscaped Gardens, Indoor Games, Car Parking, Lift Available, Designer Entrance Gate, Party Lawn and Landscaped Entrance. It also has Meditation Zone, Senior Citizens Seating, Solar Water Heater, Sewage Treatment And Water Saving Plant, Waiting Lounge, Royal Entrance Lobby, Professionally Designed Garden, Open Car Parking, Closed Car Parking, Rain Water Harvesting, School and Hospital.

With an area of 897 sqft, it is priced at Rs 3,090/sqft.
",1,,0,4,0,0,0,0,0,0,0,0,0,0,,,,,,,,,,,,,,,,,
Fursungi,947,2926230,INR,1,1,1,"
Aqua by Majestique Landmarks, located in Fursungi, Pune brings you a spacious 2 bedrooms apartment with 2 bathrooms.
Currently in Completed status, this apartment is of 947 sqft. and per sqft price is Rs. 3,090.

The total price of the property is Rs. 29.26 Lacs.

Toilets have Designer Tiles Dado up to Lintel Level, Jaguar or equivalents CP fittings and Cera or equivalent, quality CP fittings and sanitary wares. Points have Master Bedroom, Other Bedroom and Living. Kitchen has Dado up to 2 ft Height above Platform in Ceramic Glazed Tiles, Vitrified Flooring and Granite counter with stainless steel sink. Other Bedroom, Kitchen and Master Bedroom have Vitrified Flooring. Internal wall has Hard Wooden Door Frame with Skin Moulded Doors. Wiring has Concealed copper wiring Poly cab or equivalent, Switches has Switch, Sockets and DBs Legrand or equivalent and Windows have Aluminium powder coated sliding windows with M.S safety grills. Balcony has Balconies with antiskid tiles and Dining room has Vitrified flooring.

The project has Gymnasium, Swimming Pool, Children's play area, Multipurpose Room, 24 X 7 Security, Power Backup, Landscaped Gardens, Indoor Games, Car Parking, Lift Available, Designer Entrance Gate, Party Lawn and Landscaped Entrance. It also has Meditation Zone, Senior Citizens Seating, Solar Water Heater, Sewage Treatment And Water Saving Plant, Waiting Lounge, Royal Entrance Lobby, Professionally Designed Garden, Open Car Parking, Closed Car Parking, Rain Water Harvesting, School and Hospital.
",1,,0,4,0,0,0,0,0,0,0,0,0,0,,,,,,,,,,,,,,,,,
Dhanori,610,2745000,INR,,1,1,"
Newtown Phase I by Goel Ganga Development, located in Dhanori, Pune brings you a spacious 1 bedroom apartment with 1 bathroom.
Currently in Completed status, this apartment is of 610 sqft. and per sqft price is Rs. 4,500.

The total price of the property is Rs. 27.45 Lacs.

Toilets have Ceramic Tiles and Ceramic Tiles Dado up to Lintel Level. Kitchen has Provision for Water Heater & Water Purifier and Vitrified Tiles. Points have Master Bedroom, Other Bedroom, Living and Kitchen. Living/Dining, Master Bedroom, Other Bedroom and Kitchen have Vitrified Tiles. Balcony has Anti Skid Tiles. Exterior has Acrylic Paint and Interior wall has Oil Bound Distemper. Internal wall has Beach Wood Frame.

The project has Gymnasium, Club House, Multipurpose Room, Rain Water Harvesting, 24 X 7 Security, Jogging Track, Power Backup, Landscaped Gardens, Indoor Games, Car Parking, Waste Disposal, Senior Citizen Sitouts, Solar Water System, Video Door Phone, Compound Walls, Yoga/Meditation Zone, Party Area, Jacuzzi, Gazebo, Sand Pits, Table Tennis, Acupressure Park, Vegetable Park, Entertainment Area, Skating Area, Amphitheatre, Party Area, Senior Citizen Sitouts, Fire Fighting System, Children's play area, Swimming Pool, Intercom, Closed Car Parking, Lift Available, Cafeteria, Sports Facility and Maintenance Staff. It also has Staff Quarter, Vaastu Compliant, Shopping Mall, School, Hospital, ATM, Open Car Parking, Amphitheater, Badminton Court, Basketball Court, CCTV, Cricket Pitch, Fire Fighting System, Sewage Treatment Plant, Skating Rink, Spa/Sauna/Steam, Temple, Mini Football, Golf Course, Aggregate area of recreational Open Space, Community Buildings, Electrical Meter Room, Sub-Station, Receiving Station, Energy management, Fire Protection And Fire Safety Requirements, Internal Roads & Footpaths, Landscaping & Tree Planting, Open Parking, Sewerage (Chamber, Lines, Septic Tank , STP), Solid Waste Management And Disposal, Storm Water Drains, Street Lighting, Treatment And Disposal Of Sewage And Sullage Water, Water Conservation, Rain water Harvesting, Water Supply, Gated Community and Community Hall.
",1,,0,2,0,1,1,0,1,1,0,0,1,0,8.4,8.0,123.0,1.0,,1.0,,1.0,1.0,,,,,,,,
Dhanori,650,2925000,INR,,1,1,"
This 1bhk apartment in Goel Ganga Development Newtown Phase I is Completed. 
It has 1 bathroom.
It is 650 sqft. in area.
Toilets have Ceramic Tiles and Ceramic Tiles Dado up to Lintel Level. Kitchen has Provision for Water Heater & Water Purifier and Vitrified Tiles. Points have Master Bedroom, Other Bedroom, Living and Kitchen. Living/Dining, Master Bedroom, Other Bedroom and Kitchen have Vitrified Tiles. Balcony has Anti Skid Tiles. Exterior has Acrylic Paint and Interior wall has Oil Bound Distemper. Internal wall has Beach Wood Frame.

Among the amenities, the project has Gymnasium, Club House, Multipurpose Room, Rain Water Harvesting, 24 X 7 Security, Jogging Track, Power Backup, Landscaped Gardens, Indoor Games, Car Parking, Waste Disposal, Senior Citizen Sitouts, Solar Water System, Video Door Phone, Compound Walls, Yoga/Meditation Zone, Party Area, Jacuzzi, Gazebo, Sand Pits, Table Tennis, Acupressure Park, Vegetable Park, Entertainment Area, Skating Area, Amphitheatre, Party Area, Senior Citizen Sitouts, Fire Fighting System, Children's play area, Swimming Pool, Intercom, Closed Car Parking, Lift Available, Cafeteria, Sports Facility and Maintenance Staff. It also has Staff Quarter, Vaastu Compliant, Shopping Mall, School, Hospital, ATM, Open Car Parking, Amphitheater, Badminton Court, Basketball Court, CCTV, Cricket Pitch, Fire Fighting System, Sewage Treatment Plant, Skating Rink, Spa/Sauna/Steam, Temple, Mini Football, Golf Course, Aggregate area of recreational Open Space, Community Buildings, Electrical Meter Room, Sub-Station, Receiving Station, Energy management, Fire Protection And Fire Safety Requirements, Internal Roads & Footpaths, Landscaping & Tree Planting, Open Parking, Sewerage (Chamber, Lines, Septic Tank , STP), Solid Waste Management And Disposal, Storm Water Drains, Street Lighting, Treatment And Disposal Of Sewage And Sullage Water, Water Conservation, Rain water Harvesting, Water Supply, Gated Community and Community Hall.

The apartment is priced at INR 29.25 Lacs.

",1,,0,2,0,1,1,0,1,1,0,0,1,0,8.4,8.0,123.0,1.0,,1.0,,1.0,1.0,,,,,,,,
Dhanori,890,4005000,INR,,1,1,"
This 2bhk apartment in Dhanori, Pune is with 2 bathrooms.
It is present in the project Newtown Phase I Goel Ganga Development which is Completed.
The price of the property is INR 40.05 Lacs.

Toilets have Ceramic Tiles and Ceramic Tiles Dado up to Lintel Level. Kitchen has Provision for Water Heater & Water Purifier and Vitrified Tiles. Points have Master Bedroom, Other Bedroom, Living and Kitchen. Living/Dining, Master Bedroom, Other Bedroom and Kitchen have Vitrified Tiles. Balcony has Anti Skid Tiles. Exterior has Acrylic Paint and Interior wall has Oil Bound Distemper. Internal wall has Beach Wood Frame.

The tower has a maximum of 11 floors.

The project amenities include Gymnasium, Club House, Multipurpose Room, Rain Water Harvesting, 24 X 7 Security, Jogging Track, Power Backup, Landscaped Gardens, Indoor Games, Car Parking, Waste Disposal, Senior Citizen Sitouts, Solar Water System, Video Door Phone, Compound Walls, Yoga/Meditation Zone, Party Area, Jacuzzi, Gazebo, Sand Pits, Table Tennis, Acupressure Park, Vegetable Park, Entertainment Area, Skating Area, Amphitheatre, Party Area, Senior Citizen Sitouts, Fire Fighting System, Children's play area, Swimming Pool, Intercom, Closed Car Parking, Lift Available, Cafeteria, Sports Facility and Maintenance Staff. It also has Staff Quarter, Vaastu Compliant, Shopping Mall, School, Hospital, ATM, Open Car Parking, Amphitheater, Badminton Court, Basketball Court, CCTV, Cricket Pitch, Fire Fighting System, Sewage Treatment Plant, Skating Rink, Spa/Sauna/Steam, Temple, Mini Football, Golf Course, Aggregate area of recreational Open Space, Community Buildings, Electrical Meter Room, Sub-Station, Receiving Station, Energy management, Fire Protection And Fire Safety Requirements, Internal Roads & Footpaths, Landscaping & Tree Planting, Open Parking, Sewerage (Chamber, Lines, Septic Tank , STP), Solid Waste Management And Disposal, Storm Water Drains, Street Lighting, Treatment And Disposal Of Sewage And Sullage Water, Water Conservation, Rain water Harvesting, Water Supply, Gated Community and Community Hall.

With an area of 890 sqft, it is priced at Rs 4,500/sqft.
",1,,0,2,0,1,1,0,1,1,0,0,1,0,8.4,8.0,123.0,1.0,,1.0,,1.0,1.0,,,,,,,,
Dhanori,1040,4680000,INR,,1,1,"
Newtown Phase I by Goel Ganga Development, located in Dhanori, Pune brings you a spacious 2 bedrooms apartment with 2 bathrooms.
Currently in Completed status, this apartment is of 1040 sqft. and per sqft price is Rs. 4,500.

The total price of the property is Rs. 46.80 Lacs.

Toilets have Ceramic Tiles and Ceramic Tiles Dado up to Lintel Level. Kitchen has Provision for Water Heater & Water Purifier and Vitrified Tiles. Points have Master Bedroom, Other Bedroom, Living and Kitchen. Living/Dining, Master Bedroom, Other Bedroom and Kitchen have Vitrified Tiles. Balcony has Anti Skid Tiles. Exterior has Acrylic Paint and Interior wall has Oil Bound Distemper. Internal wall has Beach Wood Frame.

The project has Gymnasium, Club House, Multipurpose Room, Rain Water Harvesting, 24 X 7 Security, Jogging Track, Power Backup, Landscaped Gardens, Indoor Games, Car Parking, Waste Disposal, Senior Citizen Sitouts, Solar Water System, Video Door Phone, Compound Walls, Yoga/Meditation Zone, Party Area, Jacuzzi, Gazebo, Sand Pits, Table Tennis, Acupressure Park, Vegetable Park, Entertainment Area, Skating Area, Amphitheatre, Party Area, Senior Citizen Sitouts, Fire Fighting System, Children's play area, Swimming Pool, Intercom, Closed Car Parking, Lift Available, Cafeteria, Sports Facility and Maintenance Staff. It also has Staff Quarter, Vaastu Compliant, Shopping Mall, School, Hospital, ATM, Open Car Parking, Amphitheater, Badminton Court, Basketball Court, CCTV, Cricket Pitch, Fire Fighting System, Sewage Treatment Plant, Skating Rink, Spa/Sauna/Steam, Temple, Mini Football, Golf Course, Aggregate area of recreational Open Space, Community Buildings, Electrical Meter Room, Sub-Station, Receiving Station, Energy management, Fire Protection And Fire Safety Requirements, Internal Roads & Footpaths, Landscaping & Tree Planting, Open Parking, Sewerage (Chamber, Lines, Septic Tank , STP), Solid Waste Management And Disposal, Storm Water Drains, Street Lighting, Treatment And Disposal Of Sewage And Sullage Water, Water Conservation, Rain water Harvesting, Water Supply, Gated Community and Community Hall.
",1,,0,2,0,1,1,0,1,1,0,0,1,0,8.4,8.0,123.0,1.0,,1.0,,1.0,1.0,,,,,,,,
Dhanori,1045,4702500,INR,,1,1,"
Newtown Phase I by Goel Ganga Development, located in Dhanori, Pune brings you a spacious 2 bedrooms apartment with 2 bathrooms.
Currently in Completed status, this apartment is of 1045 sqft. and per sqft price is Rs. 4,500.

The total price of the property is Rs. 47.03 Lacs.

Toilets have Ceramic Tiles and Ceramic Tiles Dado up to Lintel Level. Kitchen has Provision for Water Heater & Water Purifier and Vitrified Tiles. Points have Master Bedroom, Other Bedroom, Living and Kitchen. Living/Dining, Master Bedroom, Other Bedroom and Kitchen have Vitrified Tiles. Balcony has Anti Skid Tiles. Exterior has Acrylic Paint and Interior wall has Oil Bound Distemper. Internal wall has Beach Wood Frame.

The project has Gymnasium, Club House, Multipurpose Room, Rain Water Harvesting, 24 X 7 Security, Jogging Track, Power Backup, Landscaped Gardens, Indoor Games, Car Parking, Waste Disposal, Senior Citizen Sitouts, Solar Water System, Video Door Phone, Compound Walls, Yoga/Meditation Zone, Party Area, Jacuzzi, Gazebo, Sand Pits, Table Tennis, Acupressure Park, Vegetable Park, Entertainment Area, Skating Area, Amphitheatre, Party Area, Senior Citizen Sitouts, Fire Fighting System, Children's play area, Swimming Pool, Intercom, Closed Car Parking, Lift Available, Cafeteria, Sports Facility and Maintenance Staff. It also has Staff Quarter, Vaastu Compliant, Shopping Mall, School, Hospital, ATM, Open Car Parking, Amphitheater, Badminton Court, Basketball Court, CCTV, Cricket Pitch, Fire Fighting System, Sewage Treatment Plant, Skating Rink, Spa/Sauna/Steam, Temple, Mini Football, Golf Course, Aggregate area of recreational Open Space, Community Buildings, Electrical Meter Room, Sub-Station, Receiving Station, Energy management, Fire Protection And Fire Safety Requirements, Internal Roads & Footpaths, Landscaping & Tree Planting, Open Parking, Sewerage (Chamber, Lines, Septic Tank , STP), Solid Waste Management And Disposal, Storm Water Drains, Street Lighting, Treatment And Disposal Of Sewage And Sullage Water, Water Conservation, Rain water Harvesting, Water Supply, Gated Community and Community Hall.
",1,,0,2,0,1,1,0,1,1,0,0,1,0,8.4,8.0,123.0,1.0,,1.0,,1.0,1.0,,,,,,,,
