area,price,new/resale,price_negotiable,security_deposit,furnished,age of property,Lift(s),Full Power Backup,24 X 7 Security,Children's play area,Club House,Gymnasium,Swimming Pool,Sports Facility,Jogging Track,Landscaped Gardens,locality_score,builder_experience,Rain Water Harvesting,Intercom,Car Parking,price_per_sqft,amenities_score,location_Ambegaon Budruk,location_Aundh,location_Balewadi,location_Baner,location_Bavdhan,location_Bhegade Aali,location_Bhugaon,location_Bhukum,location_Bibwewadi Kondhwa Road,location_Deccan Gymkhana,location_Dhanori,location_Erandwane,location_Fursungi,location_Gahunje,location_Guruwar Peth,location_Hadapsar,location_Hinjawadi Village,location_Hinjewadi,location_Kalewadi,location_Karve Nagar,location_Keshav Nagar,location_Kharadi,location_Kondhwa,location_Kothrud,location_Lohegaon,location_MAE Campus,location_Maan,location_Mohammed wadi,location_Moshi,location_Mundhwa,location_NIBM Annex Mohammadwadi,location_Narhe,location_Old Sangvi,location_Pan Card Club Road,location_Pashan,location_Pimple Gurav,location_Pimple Saudagar,location_Punawale,location_Shewalewadi,location_Shivaji Nagar,location_Tathawade,location_Undri,location_Viman Nagar,location_Vishrantwadi,location_Wadgaon Sheri,location_Wagholi,location_Wakad,location_Warje,facing_east,facing_north,facing_northeast,facing_south,facing_southeast,facing_west
832,6500000,0,0,1,0,0,0,0,0,0,0,0,0,0,0,0,8.1,89.5,0.0,0.0,0.0,7812.5,0.0,False,False,False,False,False,False,False,False,False,False,False,False,False,False,False,False,False,False,False,False,False,False,False,False,False,False,False,False,False,False,False,False,False,False,False,False,False,False,False,False,False,False,False,False,False,False,False,True,False,False,False,False,False,False
800,6000000,0,0,1,0,0,0,0,0,0,0,0,0,0,0,0,8.8,89.5,0.0,0.0,0.0,7500.0,0.0,False,False,False,False,False,False,False,False,False,False,False,False,False,False,False,False,True,False,False,False,False,False,False,False,False,False,False,False,False,False,False,False,False,False,False,False,False,False,False,False,False,False,False,False,False,False,False,False,False,False,False,False,False,False
849,3399396,0,0,1,0,0,0,0,0,0,0,0,0,0,0,0,8.0,89.5,0.0,0.0,0.0,4004.0,0.0,False,False,False,False,False,False,False,False,False,False,False,False,False,False,False,False,False,False,False,False,False,False,False,False,False,False,False,False,False,False,False,False,False,False,False,False,False,False,False,False,False,False,False,False,False,True,False,False,False,False,False,False,False,False
1550,20498750,0,0,1,0,0,1,0,0,0,0,0,0,0,0,0,9.0,89.5,0.0,0.0,0.0,13225.0,1.0,False,False,False,False,False,False,False,False,False,False,False,False,False,False,False,False,False,False,False,True,False,False,False,False,False,False,False,False,False,False,False,False,False,False,False,False,False,False,False,False,False,False,False,False,False,False,False,False,False,True,False,False,False,False
850,6400000,0,0,1,0,0,0,0,0,0,0,0,0,0,0,0,8.9,89.5,0.0,0.0,0.0,7529.411764705882,0.0,False,False,False,False,False,False,False,False,False,False,False,False,False,False,False,False,False,False,False,False,False,True,False,False,False,False,False,False,False,False,False,False,False,False,False,False,False,False,False,False,False,False,False,False,False,False,False,False,False,False,False,False,False,False
1090,5800000,0,0,1,0,0,0,0,0,0,0,0,0,0,0,0,8.1,89.5,0.0,0.0,0.0,5321.100917431193,0.0,True,False,False,False,False,False,False,False,False,False,False,False,False,False,False,False,False,False,False,False,False,False,False,False,False,False,False,False,False,False,False,False,False,False,False,False,False,False,False,False,False,False,False,False,False,False,False,False,False,False,False,False,False,False
2500,8000000,0,0,1,1,0,0,0,0,0,0,0,0,0,0,0,9.2,89.5,0.0,0.0,0.0,3200.0,0.0,False,False,False,False,False,False,False,False,False,False,False,False,False,False,False,False,False,False,True,False,False,False,False,False,False,False,False,False,False,False,False,False,False,False,False,False,False,False,False,False,False,False,False,False,False,False,False,False,False,False,False,False,False,False
3200,25000000,0,0,1,0,0,0,0,0,0,0,0,0,0,0,0,9.3,89.5,0.0,0.0,0.0,7812.5,0.0,False,False,False,False,False,False,False,False,False,False,False,False,False,False,False,False,False,False,False,False,False,False,False,False,False,False,False,False,False,False,False,False,False,False,False,False,False,False,False,True,False,False,False,False,False,False,False,False,False,False,False,False,False,False
260,1400000,0,0,1,0,4,0,0,0,0,0,0,0,0,0,0,8.8,89.5,0.0,0.0,0.0,5384.615384615385,0.0,False,False,False,False,False,False,False,False,False,False,False,False,False,False,False,False,False,False,False,False,False,False,False,False,False,False,False,False,False,False,False,False,True,False,False,False,False,False,False,False,False,False,False,False,False,False,False,False,False,False,False,False,False,False
833,4000000,1,0,1,0,0,1,1,1,1,1,1,1,1,1,0,8.0,22.0,1.0,1.0,1.0,4801.920768307323,12.0,False,False,False,False,False,False,False,False,False,False,False,False,False,False,False,False,False,False,False,False,False,False,False,False,True,False,False,False,False,False,False,False,False,False,False,False,False,False,False,False,False,False,False,False,False,False,False,False,True,False,False,False,False,False
1900,11500000,0,0,1,0,0,1,1,0,1,0,0,0,0,0,0,8.8,89.5,0.0,0.0,0.0,6052.631578947368,3.0,False,False,False,False,False,False,False,False,False,False,False,False,False,False,False,False,False,False,False,False,False,False,True,False,False,False,False,False,False,False,False,False,False,False,False,False,False,False,False,False,False,False,False,False,False,False,False,False,True,False,False,False,False,False
1717,9800000,0,0,1,0,14,1,1,1,1,1,1,1,1,1,0,8.8,23.0,1.0,1.0,1.0,5707.62958648806,12.0,False,False,False,False,False,False,False,False,False,False,False,False,False,False,False,False,False,False,False,False,False,False,False,False,False,False,False,False,False,False,False,False,False,False,False,False,True,False,False,False,False,False,False,False,False,False,False,False,True,False,False,False,False,False
2941,25000000,0,0,1,1,9,1,1,1,1,1,1,1,1,1,0,8.9,52.0,1.0,1.0,1.0,8500.510030601836,12.0,False,False,False,False,False,False,False,False,False,False,False,False,False,False,False,False,False,False,False,False,False,True,False,False,False,False,False,False,False,False,False,False,False,False,False,False,False,False,False,False,False,False,False,False,False,False,False,False,True,False,False,False,False,False
2850,70000000,1,0,1,0,8,1,1,0,1,1,1,1,0,0,0,9.2,47.0,1.0,1.0,0.0,24561.40350877193,8.0,False,False,False,False,False,False,False,False,False,True,False,False,False,False,False,False,False,False,False,False,False,False,False,False,False,False,False,False,False,False,False,False,False,False,False,False,False,False,False,False,False,False,False,False,False,False,False,False,True,False,False,False,False,False
2100,19000000,1,0,1,0,0,1,1,0,1,1,1,1,1,1,0,8.6,20.0,0.0,1.0,0.0,9047.619047619048,9.0,False,False,False,False,False,False,False,False,False,False,False,False,False,False,False,False,False,False,False,False,False,False,False,False,False,False,False,False,False,True,False,False,False,False,False,False,False,False,False,False,False,False,False,False,False,False,False,False,True,False,False,False,False,False
5600,55000000,0,0,1,1,0,1,1,0,1,1,1,0,0,0,0,9.1,89.5,0.0,1.0,0.0,9821.42857142857,6.0,False,False,False,True,False,False,False,False,False,False,False,False,False,False,False,False,False,False,False,False,False,False,False,False,False,False,False,False,False,False,False,False,False,False,False,False,False,False,False,False,False,False,False,False,False,False,False,False,True,False,False,False,False,False
1180,7900000,1,0,1,0,0,1,1,0,1,1,1,1,1,0,0,8.8,89.5,0.0,1.0,0.0,6694.9152542372885,8.0,False,False,False,False,False,False,False,False,False,False,False,False,False,False,False,False,False,False,False,False,True,False,False,False,False,False,False,False,False,False,False,False,False,False,False,False,False,False,False,False,False,False,False,False,False,False,False,False,True,False,False,False,False,False
600,2700000,1,0,1,0,0,1,1,0,1,1,1,1,1,0,0,8.0,89.5,0.0,0.0,0.0,4500.0,7.0,False,False,False,False,False,False,False,False,False,False,False,False,False,False,False,False,False,False,False,False,False,False,False,False,True,False,False,False,False,False,False,False,False,False,False,False,False,False,False,False,False,False,False,False,False,False,False,False,True,False,False,False,False,False
520,5100000,0,0,1,0,0,1,0,0,0,0,0,0,0,0,0,9.1,89.5,0.0,0.0,0.0,9807.692307692309,1.0,False,False,False,True,False,False,False,False,False,False,False,False,False,False,False,False,False,False,False,False,False,False,False,False,False,False,False,False,False,False,False,False,False,False,False,False,False,False,False,False,False,False,False,False,False,False,False,False,False,False,False,False,False,True
2700,24900000,0,0,1,1,11,1,1,0,1,1,1,1,1,0,0,8.1,33.0,0.0,1.0,0.0,9222.222222222223,8.0,True,False,False,False,False,False,False,False,False,False,False,False,False,False,False,False,False,False,False,False,False,False,False,False,False,False,False,False,False,False,False,False,False,False,False,False,False,False,False,False,False,False,False,False,False,False,False,False,True,False,False,False,False,False
2733,20000000,1,0,1,0,0,1,1,1,1,1,1,1,1,1,0,8.1,123.0,1.0,1.0,1.0,7317.965605561654,12.0,False,False,False,False,True,False,False,False,False,False,False,False,False,False,False,False,False,False,False,False,False,False,False,False,False,False,False,False,False,False,False,False,False,False,False,False,False,False,False,False,False,False,False,False,False,False,False,False,True,False,False,False,False,False
7880,120000000,0,0,1,0,7,1,1,1,1,1,1,1,1,0,0,9.7,17.0,0.0,1.0,1.0,15228.426395939086,10.0,False,True,False,False,False,False,False,False,False,False,False,False,False,False,False,False,False,False,False,False,False,False,False,False,False,False,False,False,False,False,False,False,False,False,False,False,False,False,False,False,False,False,False,False,False,False,False,False,True,False,False,False,False,False
988,3439000,1,0,1,0,2,1,1,1,1,1,1,1,1,1,1,7.4,39.0,1.0,1.0,1.0,3480.769230769231,13.0,False,False,False,False,False,False,False,False,False,False,False,False,False,True,False,False,False,False,False,False,False,False,False,False,False,False,False,False,False,False,False,False,False,False,False,False,False,False,False,False,False,False,False,False,False,False,False,False,True,False,False,False,False,False
2361,26437940,1,0,1,0,0,1,1,1,1,1,1,1,0,1,1,8.8,123.0,1.0,1.0,1.0,11197.772130453197,12.0,False,False,True,False,False,False,False,False,False,False,False,False,False,False,False,False,False,False,False,False,False,False,False,False,False,False,False,False,False,False,False,False,False,False,False,False,False,False,False,False,False,False,False,False,False,False,False,False,True,False,False,False,False,False
3200,36000000,1,0,1,0,122,1,1,0,1,1,1,1,1,0,0,9.1,89.5,0.0,1.0,0.0,11250.0,8.0,False,False,False,True,False,False,False,False,False,False,False,False,False,False,False,False,False,False,False,False,False,False,False,False,False,False,False,False,False,False,False,False,False,False,False,False,False,False,False,False,False,False,False,False,False,False,False,False,True,False,False,False,False,False
1645,12400000,0,0,1,0,5,1,1,0,1,1,1,1,1,0,0,8.8,89.5,0.0,1.0,0.0,7537.993920972644,8.0,False,False,False,False,False,False,False,False,False,False,False,False,False,False,False,False,False,False,False,False,False,False,False,False,False,False,False,False,False,False,False,False,False,False,False,False,False,False,False,False,False,False,False,False,True,False,False,False,False,False,False,False,False,True
4800,30000000,0,0,1,0,0,1,1,0,1,1,1,1,1,0,0,8.8,89.5,0.0,1.0,0.0,6250.0,8.0,False,False,False,False,False,False,False,False,False,False,False,False,False,False,False,False,False,False,False,False,False,False,False,False,False,False,False,False,False,False,True,False,False,False,False,False,False,False,False,False,False,False,False,False,False,False,False,False,True,False,False,False,False,False
600,1900000,1,0,1,0,0,1,1,0,0,0,0,0,1,0,0,8.1,89.5,0.0,0.0,0.0,3166.6666666666665,3.0,True,False,False,False,False,False,False,False,False,False,False,False,False,False,False,False,False,False,False,False,False,False,False,False,False,False,False,False,False,False,False,False,False,False,False,False,False,False,False,False,False,False,False,False,False,False,False,False,True,False,False,False,False,False
1200,8300000,1,0,1,0,8,1,1,1,1,1,1,1,1,0,0,9.2,123.0,1.0,1.0,1.0,6916.666666666667,11.0,False,False,False,False,False,False,False,False,False,False,False,False,False,False,False,False,False,False,False,False,False,False,False,False,False,False,False,False,False,False,False,False,False,False,False,False,False,False,False,False,False,False,True,False,False,False,False,False,False,True,False,False,False,False
3712,33363112,1,0,1,0,0,1,1,0,1,1,1,1,1,1,0,8.9,39.0,0.0,1.0,1.0,8987.907327586207,10.0,False,False,False,False,False,False,False,False,False,False,False,False,False,False,False,False,False,False,False,False,False,True,False,False,False,False,False,False,False,False,False,False,False,False,False,False,False,False,False,False,False,False,False,False,False,False,False,False,True,False,False,False,False,False
810,5600000,1,0,1,0,0,1,1,0,1,1,1,1,1,1,0,8.8,123.0,1.0,1.0,1.0,6913.580246913581,11.0,False,False,False,False,False,False,False,False,False,False,False,False,False,False,False,False,False,False,False,False,False,False,False,False,False,False,False,False,False,False,False,False,False,False,False,False,False,True,False,False,False,False,False,False,False,False,False,False,False,False,False,False,False,True
4200,17500000,1,0,1,0,1,1,1,1,1,1,1,1,1,1,0,8.1,26.0,0.0,1.0,1.0,4166.666666666667,11.0,False,False,False,False,True,False,False,False,False,False,False,False,False,False,False,False,False,False,False,False,False,False,False,False,False,False,False,False,False,False,False,False,False,False,False,False,False,False,False,False,False,False,False,False,False,False,False,False,True,False,False,False,False,False
1067,5345000,0,0,1,0,12,1,1,1,1,1,1,1,1,1,0,9.4,19.0,1.0,1.0,1.0,5009.372071227741,12.0,False,False,False,False,False,False,False,False,False,False,False,False,False,False,False,False,False,False,False,False,False,False,False,False,False,False,False,False,False,False,False,False,False,False,False,False,False,False,False,False,False,False,False,False,False,False,True,False,False,False,False,False,False,True
2500,38500000,0,0,1,1,7,1,1,1,1,1,1,1,1,1,0,9.2,56.0,1.0,1.0,1.0,15400.0,12.0,False,False,False,False,False,False,False,False,False,False,False,False,False,False,False,False,False,False,False,False,False,False,False,True,False,False,False,False,False,False,False,False,False,False,False,False,False,False,False,False,False,False,False,False,False,False,False,False,True,False,False,False,False,False
594,2570000,0,0,1,0,0,1,1,0,0,0,0,0,0,0,0,8.6,89.5,0.0,0.0,0.0,4326.599326599327,2.0,False,False,False,False,False,False,False,False,False,False,False,False,False,False,False,False,False,False,False,False,False,False,False,False,False,False,False,False,False,True,False,False,False,False,False,False,False,False,False,False,False,False,False,False,False,False,False,False,True,False,False,False,False,False
910,7050000,0,0,1,0,7,1,0,0,0,0,0,0,0,0,0,9.2,123.0,0.0,1.0,1.0,7747.252747252747,3.0,False,False,False,False,False,False,False,False,False,False,False,False,False,False,False,False,False,False,False,False,False,False,False,False,False,False,False,False,False,False,False,False,False,False,False,False,False,False,False,False,False,False,True,False,False,False,False,False,True,False,False,False,False,False
2236,11200000,1,0,1,0,0,1,1,0,1,1,1,1,1,0,0,9.4,89.5,0.0,1.0,0.0,5008.944543828265,8.0,False,False,False,False,False,False,False,False,False,False,False,False,False,False,False,False,False,False,False,False,False,False,False,False,False,False,False,False,False,False,False,False,False,False,False,False,False,False,False,False,False,False,False,False,False,False,True,False,True,False,False,False,False,False
3500,47500000,0,0,1,1,0,0,0,0,0,0,0,0,0,0,0,9.1,2022.0,0.0,0.0,0.0,13571.42857142857,0.0,False,False,False,True,False,False,False,False,False,False,False,False,False,False,False,False,False,False,False,False,False,False,False,False,False,False,False,False,False,False,False,False,False,False,False,False,False,False,False,False,False,False,False,False,False,False,False,False,False,False,False,False,False,False
1100,5345000,1,0,1,0,0,1,1,1,1,1,1,1,1,0,0,8.8,123.0,0.0,1.0,1.0,4859.090909090909,10.0,False,False,False,False,False,False,False,False,False,False,False,False,False,False,False,False,False,False,False,False,False,False,False,False,False,False,False,False,False,False,False,False,False,False,False,False,False,True,False,False,False,False,False,False,False,False,False,False,True,False,False,False,False,False
850,8500000,0,0,1,0,8,1,1,1,0,1,1,1,0,1,0,9.1,24.0,1.0,0.0,1.0,10000.0,9.0,False,False,False,True,False,False,False,False,False,False,False,False,False,False,False,False,False,False,False,False,False,False,False,False,False,False,False,False,False,False,False,False,False,False,False,False,False,False,False,False,False,False,False,False,False,False,False,False,False,False,False,False,False,False
3000,32500000,1,0,1,0,0,1,1,1,1,1,1,1,1,1,0,9.4,23.0,1.0,1.0,1.0,10833.333333333334,12.0,False,False,False,False,False,False,False,False,False,False,False,False,False,False,False,False,False,False,False,False,False,False,False,False,False,False,False,False,False,False,False,False,False,False,False,False,False,False,False,False,False,False,False,False,False,False,True,False,True,False,False,False,False,False
2270,17840260,1,0,1,0,0,1,1,1,1,1,1,1,1,1,1,8.8,123.0,1.0,1.0,1.0,7859.145374449339,13.0,False,False,True,False,False,False,False,False,False,False,False,False,False,False,False,False,False,False,False,False,False,False,False,False,False,False,False,False,False,False,False,False,False,False,False,False,False,False,False,False,False,False,False,False,False,False,False,False,True,False,False,False,False,False
1293,8400000,0,0,1,0,5,1,1,0,1,1,1,1,1,0,0,8.8,89.5,0.0,1.0,0.0,6496.519721577726,8.0,False,False,False,False,False,False,False,False,False,False,False,False,False,False,False,False,False,False,False,False,False,False,False,False,False,False,False,False,False,False,False,False,False,False,False,False,False,False,False,False,False,False,False,False,True,False,False,False,True,False,False,False,False,False
3700,21500000,0,0,1,1,11,1,1,1,1,1,1,1,1,1,0,8.8,27.0,0.0,1.0,1.0,5810.810810810811,11.0,False,False,False,False,False,False,False,False,False,False,False,False,False,False,False,False,False,False,False,False,False,False,True,False,False,False,False,False,False,False,False,False,False,False,False,False,False,False,False,False,False,False,False,False,False,False,False,False,True,False,False,False,False,False
860,4296000,1,0,1,0,0,1,1,0,1,1,1,1,1,1,0,7.9,23.0,0.0,1.0,0.0,4995.3488372093025,9.0,False,False,False,False,False,False,False,False,False,False,False,False,False,False,False,False,False,False,False,False,False,False,False,False,False,False,False,False,True,False,False,False,False,False,False,False,False,False,False,False,False,False,False,False,False,False,False,False,True,False,False,False,False,False
617,3100000,1,0,1,0,0,1,1,1,1,1,1,1,1,1,0,8.0,22.0,1.0,1.0,1.0,5024.311183144247,12.0,False,False,False,False,False,False,False,False,False,False,False,False,False,False,False,False,False,False,False,False,False,False,False,False,True,False,False,False,False,False,False,False,False,False,False,False,False,False,False,False,False,False,False,False,False,False,False,False,True,False,False,False,False,False
650,2363000,1,0,1,0,0,1,0,0,0,0,0,0,0,0,0,8.6,89.5,0.0,0.0,0.0,3635.3846153846152,1.0,False,False,False,False,False,False,False,False,False,False,False,False,False,False,False,False,False,False,False,False,False,False,False,False,False,False,False,False,False,True,False,False,False,False,False,False,False,False,False,False,False,False,False,False,False,False,False,False,True,False,False,False,False,False
2700,32500000,0,0,1,0,0,1,1,1,1,1,1,1,1,1,1,9.1,53.0,1.0,1.0,1.0,12037.037037037036,13.0,False,False,False,True,False,False,False,False,False,False,False,False,False,False,False,False,False,False,False,False,False,False,False,False,False,False,False,False,False,False,False,False,False,False,False,False,False,False,False,False,False,False,False,False,False,False,False,False,False,True,False,False,False,False
520,3900000,1,0,1,0,0,1,1,1,0,0,0,0,0,0,0,8.9,34.0,1.0,1.0,1.0,7500.0,6.0,False,False,False,False,False,False,False,False,False,False,False,False,False,False,False,False,False,False,False,False,False,True,False,False,False,False,False,False,False,False,False,False,False,False,False,False,False,False,False,False,False,False,False,False,False,False,False,False,False,False,False,False,False,False
910,5800000,1,0,1,0,2,1,1,0,1,1,1,1,0,0,0,8.0,123.0,1.0,1.0,1.0,6373.626373626374,9.0,False,False,False,False,False,False,False,False,False,False,False,False,False,False,False,False,False,False,False,False,False,False,False,False,True,False,False,False,False,False,False,False,False,False,False,False,False,False,False,False,False,False,False,False,False,False,False,False,False,False,False,False,False,False
850,4500000,1,0,1,0,0,1,1,0,1,1,1,1,1,0,0,8.0,89.5,0.0,0.0,0.0,5294.117647058823,7.0,False,False,False,False,False,False,False,False,False,False,False,False,False,False,False,False,False,False,False,False,False,False,False,False,True,False,False,False,False,False,False,False,False,False,False,False,False,False,False,False,False,False,False,False,False,False,False,False,False,False,False,False,False,True
2236,14200000,0,0,1,0,0,1,1,0,1,1,1,0,1,0,0,9.1,89.5,0.0,1.0,0.0,6350.6261180679785,7.0,False,False,False,True,False,False,False,False,False,False,False,False,False,False,False,False,False,False,False,False,False,False,False,False,False,False,False,False,False,False,False,False,False,False,False,False,False,False,False,False,False,False,False,False,False,False,False,False,True,False,False,False,False,False
980,7500000,0,0,1,0,11,1,1,1,0,1,1,1,0,1,0,9.1,22.0,1.0,0.0,1.0,7653.061224489796,9.0,False,False,False,True,False,False,False,False,False,False,False,False,False,False,False,False,False,False,False,False,False,False,False,False,False,False,False,False,False,False,False,False,False,False,False,False,False,False,False,False,False,False,False,False,False,False,False,False,True,False,False,False,False,False
950,4500000,0,0,1,1,0,1,1,0,1,0,0,0,1,0,0,8.8,89.5,0.0,1.0,0.0,4736.8421052631575,5.0,False,False,False,False,False,False,False,False,False,False,False,False,False,False,False,False,False,False,False,False,False,False,False,False,False,False,False,False,False,False,False,True,False,False,False,False,False,False,False,False,False,False,False,False,False,False,False,False,False,True,False,False,False,False
1021,5214000,1,0,1,0,0,1,1,1,1,1,1,1,1,1,1,9.4,123.0,1.0,1.0,1.0,5106.758080313418,13.0,False,False,False,False,False,False,False,False,False,False,False,False,False,False,False,False,False,False,False,False,False,False,False,False,False,False,False,False,False,False,False,False,False,False,False,False,False,False,False,False,False,False,False,False,False,False,True,False,False,False,False,False,False,True
940,5500000,0,0,1,0,0,1,1,0,1,1,1,1,1,0,0,8.2,123.0,0.0,1.0,0.0,5851.063829787234,8.0,False,False,False,False,False,False,False,False,False,False,False,False,False,False,False,False,False,False,False,False,False,False,False,False,False,False,False,False,False,False,False,False,False,False,False,False,False,False,False,False,True,False,False,False,False,False,False,False,True,False,False,False,False,False
1650,35000000,0,0,1,0,0,1,1,1,1,1,1,0,0,1,1,9.1,24.0,1.0,0.0,1.0,21212.121212121212,10.0,False,False,False,True,False,False,False,False,False,False,False,False,False,False,False,False,False,False,False,False,False,False,False,False,False,False,False,False,False,False,False,False,False,False,False,False,False,False,False,False,False,False,False,False,False,False,False,False,False,False,False,False,False,False
3000,32000000,1,0,1,0,1,1,1,0,0,0,0,0,0,0,0,8.8,89.5,0.0,1.0,0.0,10666.666666666666,3.0,False,False,False,False,False,False,False,False,False,False,False,False,False,False,False,False,False,False,False,False,False,False,False,False,False,False,False,False,False,False,False,False,False,False,True,False,False,False,False,False,False,False,False,False,False,False,False,False,True,False,False,False,False,False
1950,8600000,1,0,1,0,0,0,0,0,0,0,0,0,0,0,0,8.8,89.5,0.0,0.0,0.0,4410.25641025641,0.0,False,False,False,False,False,False,False,False,False,False,False,False,False,False,False,False,True,False,False,False,False,False,False,False,False,False,False,False,False,False,False,False,False,False,False,False,False,False,False,False,False,False,False,False,False,False,False,False,False,False,False,False,False,False
1060,6450000,0,0,1,0,0,1,0,0,0,0,0,0,0,0,0,8.9,123.0,0.0,0.0,0.0,6084.905660377359,1.0,False,False,False,False,False,False,False,False,False,False,False,False,False,False,False,False,False,False,False,False,False,True,False,False,False,False,False,False,False,False,False,False,False,False,False,False,False,False,False,False,False,False,False,False,False,False,False,False,True,False,False,False,False,False
461,5100000,0,0,1,0,0,0,0,0,0,0,0,0,0,0,0,9.1,89.5,0.0,0.0,0.0,11062.906724511931,0.0,False,False,False,True,False,False,False,False,False,False,False,False,False,False,False,False,False,False,False,False,False,False,False,False,False,False,False,False,False,False,False,False,False,False,False,False,False,False,False,False,False,False,False,False,False,False,False,False,True,False,False,False,False,False
770,7000000,1,1,1,0,0,1,1,1,1,0,1,0,0,0,0,9.4,123.0,1.0,0.0,1.0,9090.90909090909,7.0,False,False,False,False,False,False,False,False,False,False,False,False,False,False,False,False,False,False,False,False,False,False,False,False,False,False,False,False,False,False,False,False,False,False,False,False,False,False,False,False,False,False,False,False,False,False,True,False,True,False,False,False,False,False
1276,8300000,0,0,1,0,5,1,1,0,1,1,1,1,1,0,0,8.8,89.5,0.0,1.0,0.0,6504.702194357366,8.0,False,False,False,False,False,False,False,False,False,False,False,False,False,False,False,False,False,False,False,False,False,False,False,False,False,False,False,False,False,False,False,False,False,False,False,False,False,False,False,False,False,False,False,False,True,False,False,False,False,False,False,False,False,True
700,3100000,1,0,1,0,0,1,1,0,1,1,0,0,0,0,0,8.0,89.5,0.0,0.0,0.0,4428.571428571428,4.0,False,False,False,False,False,False,False,False,False,False,False,False,False,False,False,False,False,False,False,False,False,False,False,False,True,False,False,False,False,False,False,False,False,False,False,False,False,False,False,False,False,False,False,False,False,False,False,False,True,False,False,False,False,False
600,1300000,1,0,1,0,0,0,0,0,0,0,0,0,0,0,0,8.1,89.5,0.0,0.0,0.0,2166.6666666666665,0.0,True,False,False,False,False,False,False,False,False,False,False,False,False,False,False,False,False,False,False,False,False,False,False,False,False,False,False,False,False,False,False,False,False,False,False,False,False,False,False,False,False,False,False,False,False,False,False,False,False,False,False,False,False,False
1200,7200000,0,0,1,0,4,1,1,1,1,1,1,1,1,1,1,8.2,20.0,1.0,1.0,1.0,6000.0,13.0,False,False,False,False,False,False,False,False,False,False,False,False,False,False,False,False,False,False,False,False,False,False,False,False,False,False,False,False,False,False,False,False,False,False,False,False,False,False,False,False,True,False,False,False,False,False,False,False,True,False,False,False,False,False
825,8000000,0,0,1,0,0,0,0,0,0,0,0,0,0,0,0,9.1,2022.0,0.0,0.0,0.0,9696.969696969696,0.0,False,False,False,True,False,False,False,False,False,False,False,False,False,False,False,False,False,False,False,False,False,False,False,False,False,False,False,False,False,False,False,False,False,False,False,False,False,False,False,False,False,False,False,False,False,False,False,False,False,False,False,False,False,False
2368,12600000,0,0,1,0,0,1,1,0,1,1,1,1,1,0,0,8.8,89.5,0.0,1.0,0.0,5320.945945945946,8.0,False,False,True,False,False,False,False,False,False,False,False,False,False,False,False,False,False,False,False,False,False,False,False,False,False,False,False,False,False,False,False,False,False,False,False,False,False,False,False,False,False,False,False,False,False,False,False,False,True,False,False,False,False,False
950,5500000,0,0,1,0,0,0,0,0,0,0,0,0,0,0,0,8.8,89.5,0.0,0.0,0.0,5789.473684210527,0.0,False,False,False,False,False,False,False,False,False,False,False,False,False,False,False,False,False,False,False,False,False,False,False,False,False,False,True,False,False,False,False,False,False,False,False,False,False,False,False,False,False,False,False,False,False,False,False,False,False,False,False,False,False,False
573,2760000,1,0,1,0,0,0,0,0,0,0,0,0,0,0,0,9.3,89.5,0.0,0.0,0.0,4816.753926701571,0.0,False,False,False,False,False,False,False,False,False,False,False,False,False,False,False,False,False,False,False,False,False,False,False,False,False,False,False,False,False,False,False,False,False,False,False,False,False,False,False,False,False,False,False,False,True,False,False,False,False,False,False,True,False,False
800,4834300,1,0,1,0,0,1,1,0,1,1,1,1,1,1,0,8.0,123.0,0.0,1.0,0.0,6042.875,9.0,False,False,False,False,False,False,False,False,False,False,False,False,False,False,False,False,False,True,False,False,False,False,False,False,False,False,False,False,False,False,False,False,False,False,False,False,False,False,False,False,False,False,False,False,False,False,False,False,True,False,False,False,False,False
496,10700000,1,1,1,0,0,0,0,0,0,0,0,0,0,0,0,8.8,89.5,0.0,0.0,0.0,21572.58064516129,0.0,False,False,False,False,False,False,False,False,True,False,False,False,False,False,False,False,False,False,False,False,False,False,False,False,False,False,False,False,False,False,False,False,False,False,False,False,False,False,False,False,False,False,False,False,False,False,False,False,False,False,False,False,False,False
851,4500000,1,0,1,0,0,1,1,0,0,0,0,0,0,0,0,8.0,89.5,0.0,0.0,0.0,5287.896592244419,2.0,False,False,False,False,False,False,False,False,False,False,False,False,False,False,False,False,False,False,False,False,False,False,False,False,True,False,False,False,False,False,False,False,False,False,False,False,False,False,False,False,False,False,False,False,False,False,False,False,False,False,False,False,False,True
900,5000000,0,0,1,0,0,0,0,0,0,0,0,0,0,0,0,8.8,89.5,0.0,0.0,0.0,5555.555555555556,0.0,False,False,False,False,False,False,False,False,False,False,False,False,False,False,False,False,False,False,False,False,False,False,False,False,False,False,False,True,False,False,False,False,False,False,False,False,False,False,False,False,False,False,False,False,False,False,False,False,False,False,False,False,False,False
730,5000000,0,0,1,1,0,0,0,0,0,0,0,0,0,0,0,8.8,89.5,0.0,0.0,0.0,6849.315068493151,0.0,False,False,False,False,False,False,False,False,False,False,False,False,False,False,False,False,False,False,False,False,False,False,False,False,False,False,False,False,False,False,False,False,False,False,False,False,False,False,True,False,False,False,False,False,False,False,False,False,False,False,False,False,False,False
1840,8153000,0,1,1,0,10,1,1,1,0,0,0,1,0,0,1,9.2,52.0,0.0,0.0,1.0,4430.978260869565,6.0,False,False,False,False,False,False,False,False,False,False,False,False,False,False,False,False,False,False,False,False,False,False,False,True,False,False,False,False,False,False,False,False,False,False,False,False,False,False,False,False,False,False,False,False,False,False,False,False,False,False,False,False,False,False
750,6158000,1,1,1,0,0,1,1,1,1,1,1,1,0,0,1,8.2,123.0,0.0,0.0,1.0,8210.666666666666,9.0,False,False,False,False,False,False,False,False,False,False,False,False,False,False,False,False,False,False,False,False,False,False,False,False,False,False,False,False,False,False,False,False,False,False,False,False,False,False,False,False,True,False,False,False,False,False,False,False,False,False,True,False,False,False
1870,7684000,1,1,1,0,2,1,1,1,1,1,1,1,1,0,1,8.3,123.0,1.0,1.0,1.0,4109.090909090909,12.0,False,False,False,False,False,False,False,False,False,False,False,False,False,False,False,False,False,False,False,False,False,False,False,False,False,False,False,False,False,False,False,False,False,False,False,False,False,False,False,False,False,True,False,False,False,False,False,False,False,False,False,False,False,True
720,5400000,1,0,1,0,0,0,0,0,0,0,0,0,0,0,0,9.1,89.5,0.0,0.0,0.0,7500.0,0.0,False,False,False,True,False,False,False,False,False,False,False,False,False,False,False,False,False,False,False,False,False,False,False,False,False,False,False,False,False,False,False,False,False,False,False,False,False,False,False,False,False,False,False,False,False,False,False,False,True,False,False,False,False,False
483,2450000,0,0,1,0,0,0,0,0,0,0,0,0,0,0,0,9.3,89.5,0.0,0.0,0.0,5072.463768115942,0.0,False,False,False,False,False,False,False,False,False,False,False,False,False,False,False,False,False,False,False,False,False,False,False,False,False,False,False,False,False,False,False,False,False,False,False,False,False,False,False,False,False,False,False,False,True,False,False,False,True,False,False,False,False,False
1325,11500000,0,0,1,0,15,0,0,0,0,0,0,0,0,0,0,8.8,89.5,0.0,0.0,0.0,8679.245283018869,0.0,False,False,False,False,False,False,False,False,False,False,False,True,False,False,False,False,False,False,False,False,False,False,False,False,False,False,False,False,False,False,False,False,False,False,False,False,False,False,False,False,False,False,False,False,False,False,False,False,True,False,False,False,False,False
900,4800000,1,0,1,0,1,1,1,1,0,0,0,1,0,0,0,8.8,39.0,0.0,0.0,1.0,5333.333333333333,5.0,False,False,False,False,False,False,False,True,False,False,False,False,False,False,False,False,False,False,False,False,False,False,False,False,False,False,False,False,False,False,False,False,False,False,False,False,False,False,False,False,False,False,False,False,False,False,False,False,False,False,False,False,True,False
689,6000000,0,0,1,0,0,1,1,0,1,1,1,1,0,0,0,8.4,89.5,0.0,1.0,0.0,8708.272859216255,7.0,False,False,False,False,False,False,False,False,False,False,True,False,False,False,False,False,False,False,False,False,False,False,False,False,False,False,False,False,False,False,False,False,False,False,False,False,False,False,False,False,False,False,False,False,False,False,False,False,True,False,False,False,False,False
575,1950000,1,1,1,0,0,0,0,0,0,0,0,0,0,0,0,8.8,89.5,0.0,0.0,0.0,3391.304347826087,0.0,False,False,False,False,False,False,False,False,False,False,False,False,False,False,False,False,False,False,False,False,False,False,False,False,True,False,False,False,False,False,False,False,False,False,False,False,False,False,False,False,False,False,False,False,False,False,False,False,False,True,False,False,False,False
1300,10000000,1,0,1,0,0,1,1,1,0,0,0,0,0,0,0,8.8,89.5,0.0,0.0,1.0,7692.307692307692,4.0,False,False,False,False,False,False,False,False,False,False,False,False,False,False,False,False,False,False,False,False,False,False,False,False,False,False,False,False,False,False,False,False,False,True,False,False,False,False,False,False,False,False,False,False,False,False,False,False,True,False,False,False,False,False
1800,14500000,0,0,1,0,3,0,0,0,0,0,0,0,0,0,0,9.4,123.0,0.0,0.0,1.0,8055.555555555556,1.0,False,False,False,False,False,False,False,False,False,False,False,False,False,False,False,True,False,False,False,False,False,False,False,False,False,False,False,False,False,False,False,False,False,False,False,False,False,False,False,False,False,False,False,False,False,False,False,False,False,False,False,False,False,False
400,6650000,1,1,1,0,0,1,1,1,0,0,1,0,0,0,0,8.8,89.5,0.0,0.0,1.0,16625.0,5.0,False,False,False,False,False,False,False,False,False,False,False,False,False,False,False,False,False,False,False,False,False,True,False,False,False,False,False,False,False,False,False,False,False,False,False,False,False,False,False,False,False,False,False,False,False,False,False,False,False,False,True,False,False,False
851,4500000,1,0,1,0,0,1,1,0,0,0,0,0,0,0,0,8.0,89.5,0.0,0.0,0.0,5287.896592244419,2.0,False,False,False,False,False,False,False,False,False,False,False,False,False,False,False,False,False,False,False,False,False,False,False,False,True,False,False,False,False,False,False,False,False,False,False,False,False,False,False,False,False,False,False,False,False,False,False,False,True,False,False,False,False,False
750,4200000,0,0,1,0,0,0,0,0,0,0,0,0,0,0,0,9.0,89.5,0.0,0.0,0.0,5600.0,0.0,False,False,False,False,False,False,False,False,False,False,False,False,False,False,False,False,False,False,False,False,False,False,False,False,False,False,False,False,False,False,False,False,False,False,False,True,False,False,False,False,False,False,False,False,False,False,False,False,False,False,False,False,False,False
160,3500000,1,1,1,0,1,1,1,1,0,0,0,0,0,0,0,9.3,89.5,0.0,0.0,1.0,21875.0,4.0,False,False,False,False,False,False,False,False,False,False,False,False,False,False,True,False,False,False,False,False,False,False,False,False,False,False,False,False,False,False,False,False,False,False,False,False,False,False,False,False,False,False,False,False,False,False,False,False,False,True,False,False,False,False
699,3500000,0,0,1,0,3,1,1,0,1,1,1,1,1,0,0,8.8,89.5,0.0,0.0,0.0,5007.153075822604,7.0,False,False,False,False,False,True,False,False,False,False,False,False,False,False,False,False,False,False,False,False,False,False,False,False,False,False,False,False,False,False,False,False,False,False,False,False,False,False,False,False,False,False,False,False,False,False,False,False,True,False,False,False,False,False
660,3400000,0,0,1,0,0,1,0,0,0,0,0,0,1,0,0,7.6,89.5,0.0,0.0,0.0,5151.515151515152,2.0,False,False,False,False,False,False,True,False,False,False,False,False,False,False,False,False,False,False,False,False,False,False,False,False,False,False,False,False,False,False,False,False,False,False,False,False,False,False,False,False,False,False,False,False,False,False,False,False,True,False,False,False,False,False
700,3400000,0,0,1,0,0,0,0,0,0,0,0,0,0,0,0,9.0,22.0,0.0,0.0,1.0,4857.142857142857,1.0,False,False,False,False,False,False,False,False,False,False,False,False,False,False,False,False,False,False,False,False,False,False,False,False,False,False,False,False,False,False,False,False,False,False,False,True,False,False,False,False,False,False,False,False,False,False,False,False,False,True,False,False,False,False
2333,40000000,0,1,1,0,50,0,0,0,0,0,0,0,0,0,0,8.8,89.5,0.0,0.0,0.0,17145.306472353193,0.0,False,False,False,False,False,False,False,False,False,False,False,False,False,False,True,False,False,False,False,False,False,False,False,False,False,False,False,False,False,False,False,False,False,False,False,False,False,False,False,False,False,False,False,False,False,False,False,False,False,False,False,False,False,False
900,2500000,0,0,1,0,0,0,0,0,0,0,0,0,0,0,0,8.0,89.5,0.0,0.0,0.0,2777.777777777778,0.0,False,False,False,False,False,False,False,False,False,False,False,False,False,False,False,False,False,False,False,False,False,False,False,False,True,False,False,False,False,False,False,False,False,False,False,False,False,False,False,False,False,False,False,False,False,False,False,False,False,False,False,False,False,False
550,1800000,0,1,1,0,9,0,0,0,0,0,0,0,0,0,0,8.8,89.5,0.0,0.0,0.0,3272.7272727272725,0.0,False,False,False,False,False,False,False,False,False,False,False,False,False,False,False,False,False,False,False,False,False,False,False,False,False,False,False,False,False,False,False,False,False,False,False,False,False,False,False,False,False,False,False,False,False,False,False,False,False,False,False,False,False,False
600,1500000,0,0,1,0,3,0,0,0,0,0,0,0,0,0,0,8.8,89.5,0.0,0.0,0.0,2500.0,0.0,False,False,False,False,False,False,False,False,False,False,False,False,False,False,False,False,False,False,False,False,False,False,False,False,False,True,False,False,False,False,False,False,False,False,False,False,False,False,False,False,False,False,False,False,False,False,False,False,False,False,False,False,False,False
600,1000000,0,1,1,0,14,0,1,0,1,0,1,1,0,1,1,8.9,89.5,0.0,0.0,0.0,1666.6666666666667,6.0,False,False,False,False,False,False,False,False,False,False,False,False,False,False,False,False,False,False,False,False,False,False,False,False,False,False,False,False,False,False,False,False,False,False,False,False,False,False,False,False,False,False,False,True,False,False,False,False,False,True,False,False,False,False
940,5400000,1,0,1,0,0,0,0,0,0,0,0,0,0,0,0,8.8,89.5,0.0,0.0,0.0,5744.68085106383,0.0,False,False,False,False,False,False,False,False,False,False,False,False,False,False,False,False,True,False,False,False,False,False,False,False,False,False,False,False,False,False,False,False,False,False,False,False,False,False,False,False,False,False,False,False,False,False,False,False,False,False,False,False,False,False
2025,9900000,1,0,1,0,0,0,0,0,0,0,0,0,0,0,0,8.8,89.5,0.0,0.0,0.0,4888.888888888889,0.0,False,False,False,False,False,False,False,False,False,False,False,False,False,False,False,False,True,False,False,False,False,False,False,False,False,False,False,False,False,False,False,False,False,False,False,False,False,False,False,False,False,False,False,False,False,False,False,False,False,False,False,False,False,False
700,3100000,1,0,1,0,0,1,1,0,0,1,1,0,0,0,0,8.0,89.5,0.0,0.0,0.0,4428.571428571428,4.0,False,False,False,False,False,False,False,False,False,False,False,False,False,False,False,False,False,False,False,False,False,False,False,False,True,False,False,False,False,False,False,False,False,False,False,False,False,False,False,False,False,False,False,False,False,False,False,False,True,False,False,False,False,False
1920,9800000,1,0,1,0,0,0,0,0,0,0,0,0,0,0,0,8.8,89.5,0.0,0.0,0.0,5104.166666666667,0.0,False,False,False,False,False,False,False,False,False,False,False,False,False,False,False,False,True,False,False,False,False,False,False,False,False,False,False,False,False,False,False,False,False,False,False,False,False,False,False,False,False,False,False,False,False,False,False,False,True,False,False,False,False,False
1722,27500000,1,1,1,0,0,0,0,0,0,0,0,0,0,0,0,8.9,89.5,0.0,0.0,0.0,15969.80255516841,0.0,False,False,False,False,False,False,False,False,False,False,False,False,False,False,False,False,False,False,False,False,False,True,False,False,False,False,False,False,False,False,False,False,False,False,False,False,False,False,False,False,False,False,False,False,False,False,False,False,False,True,False,False,False,False
692,3000000,0,0,1,0,8,1,1,1,1,1,1,1,0,1,0,8.0,123.0,1.0,0.0,1.0,4335.260115606937,10.0,False,False,False,False,False,False,False,False,False,False,False,False,False,False,False,False,False,False,False,False,False,False,False,False,False,False,False,False,False,False,False,False,False,False,False,False,False,False,False,False,False,False,False,False,False,True,False,False,True,False,False,False,False,False
780,3509220,1,1,1,0,0,1,1,1,1,1,1,1,1,1,0,8.6,20.0,1.0,1.0,1.0,4499.0,12.0,False,False,False,False,False,False,False,False,False,False,False,False,False,False,False,False,False,False,False,False,False,False,False,False,False,False,False,False,False,True,False,False,False,False,False,False,False,False,False,False,False,False,False,False,False,False,False,False,False,False,False,False,False,False
896,4031104,1,1,1,0,0,1,1,1,1,1,1,1,1,1,0,8.6,20.0,1.0,1.0,1.0,4499.0,12.0,False,False,False,False,False,False,False,False,False,False,False,False,False,False,False,False,False,False,False,False,False,False,False,False,False,False,False,False,False,True,False,False,False,False,False,False,False,False,False,False,False,False,False,False,False,False,False,False,False,False,False,False,False,False
976,4391024,1,1,1,0,0,1,1,1,1,1,1,1,1,1,0,8.6,20.0,1.0,1.0,1.0,4499.0,12.0,False,False,False,False,False,False,False,False,False,False,False,False,False,False,False,False,False,False,False,False,False,False,False,False,False,False,False,False,False,True,False,False,False,False,False,False,False,False,False,False,False,False,False,False,False,False,False,False,False,False,False,False,False,False
1380,8694000,1,1,1,0,0,1,1,1,1,1,1,1,1,1,0,8.9,123.0,1.0,0.0,1.0,6300.0,11.0,False,False,False,False,False,False,False,False,False,False,False,False,False,False,False,False,False,False,False,False,False,True,False,False,False,False,False,False,False,False,False,False,False,False,False,False,False,False,False,False,False,False,False,False,False,False,False,False,False,False,False,False,False,False
1384,8719200,1,1,1,0,0,1,1,1,1,1,1,1,1,1,0,8.9,123.0,1.0,0.0,1.0,6300.0,11.0,False,False,False,False,False,False,False,False,False,False,False,False,False,False,False,False,False,False,False,False,False,True,False,False,False,False,False,False,False,False,False,False,False,False,False,False,False,False,False,False,False,False,False,False,False,False,False,False,False,False,False,False,False,False
1558,9503800,1,1,1,0,0,1,1,1,1,1,1,1,1,1,0,8.9,123.0,1.0,0.0,1.0,6100.0,11.0,False,False,False,False,False,False,False,False,False,False,False,False,False,False,False,False,False,False,False,False,False,True,False,False,False,False,False,False,False,False,False,False,False,False,False,False,False,False,False,False,False,False,False,False,False,False,False,False,False,False,False,False,False,False
1565,9546500,1,1,1,0,0,1,1,1,1,1,1,1,1,1,0,8.9,123.0,1.0,0.0,1.0,6100.0,11.0,False,False,False,False,False,False,False,False,False,False,False,False,False,False,False,False,False,False,False,False,False,True,False,False,False,False,False,False,False,False,False,False,False,False,False,False,False,False,False,False,False,False,False,False,False,False,False,False,False,False,False,False,False,False
1245,5601255,1,1,1,0,0,1,1,1,1,1,1,1,1,1,0,8.6,20.0,1.0,1.0,1.0,4499.0,12.0,False,False,False,False,False,False,False,False,False,False,False,False,False,False,False,False,False,False,False,False,False,False,False,False,False,False,False,False,False,True,False,False,False,False,False,False,False,False,False,False,False,False,False,False,False,False,False,False,False,False,False,False,False,False
662,3044538,1,1,1,0,0,1,1,1,1,1,1,1,1,0,0,8.0,2022.0,1.0,1.0,1.0,4599.0,11.0,False,False,False,False,False,False,False,False,False,False,False,False,False,False,False,False,False,True,False,False,False,False,False,False,False,False,False,False,False,False,False,False,False,False,False,False,False,False,False,False,False,False,False,False,False,False,False,False,False,False,False,False,False,False
660,3035340,1,1,1,0,0,1,1,1,1,1,1,1,1,0,0,8.0,2022.0,1.0,1.0,1.0,4599.0,11.0,False,False,False,False,False,False,False,False,False,False,False,False,False,False,False,False,False,True,False,False,False,False,False,False,False,False,False,False,False,False,False,False,False,False,False,False,False,False,False,False,False,False,False,False,False,False,False,False,False,False,False,False,False,False
686,4500000,0,0,1,0,7,1,1,1,1,1,1,1,0,1,0,8.0,25.0,1.0,0.0,1.0,6559.766763848396,10.0,False,False,False,False,False,False,False,False,False,False,False,False,False,False,False,False,False,False,False,False,False,False,False,False,False,False,False,False,False,False,False,False,False,False,False,False,False,False,False,False,False,False,False,False,False,True,False,False,True,False,False,False,False,False
643,1986870,1,1,1,0,4,0,0,0,0,0,0,0,0,0,0,8.8,89.5,0.0,0.0,0.0,3090.0,0.0,False,False,False,False,False,False,False,False,False,False,False,False,True,False,False,False,False,False,False,False,False,False,False,False,False,False,False,False,False,False,False,False,False,False,False,False,False,False,False,False,False,False,False,False,False,False,False,False,False,False,False,False,False,False
897,2771730,1,1,1,0,4,0,0,0,0,0,0,0,0,0,0,8.8,89.5,0.0,0.0,0.0,3090.0,0.0,False,False,False,False,False,False,False,False,False,False,False,False,True,False,False,False,False,False,False,False,False,False,False,False,False,False,False,False,False,False,False,False,False,False,False,False,False,False,False,False,False,False,False,False,False,False,False,False,False,False,False,False,False,False
947,2926230,1,1,1,0,4,0,0,0,0,0,0,0,0,0,0,8.8,89.5,0.0,0.0,0.0,3090.0,0.0,False,False,False,False,False,False,False,False,False,False,False,False,True,False,False,False,False,False,False,False,False,False,False,False,False,False,False,False,False,False,False,False,False,False,False,False,False,False,False,False,False,False,False,False,False,False,False,False,False,False,False,False,False,False
610,2745000,1,1,1,0,2,0,1,1,0,1,1,0,0,1,0,8.4,123.0,1.0,0.0,1.0,4500.0,7.0,False,False,False,False,False,False,False,False,False,False,True,False,False,False,False,False,False,False,False,False,False,False,False,False,False,False,False,False,False,False,False,False,False,False,False,False,False,False,False,False,False,False,False,False,False,False,False,False,False,False,False,False,False,False
650,2925000,1,1,1,0,2,0,1,1,0,1,1,0,0,1,0,8.4,123.0,1.0,0.0,1.0,4500.0,7.0,False,False,False,False,False,False,False,False,False,False,True,False,False,False,False,False,False,False,False,False,False,False,False,False,False,False,False,False,False,False,False,False,False,False,False,False,False,False,False,False,False,False,False,False,False,False,False,False,False,False,False,False,False,False
890,4005000,1,1,1,0,2,0,1,1,0,1,1,0,0,1,0,8.4,123.0,1.0,0.0,1.0,4500.0,7.0,False,False,False,False,False,False,False,False,False,False,True,False,False,False,False,False,False,False,False,False,False,False,False,False,False,False,False,False,False,False,False,False,False,False,False,False,False,False,False,False,False,False,False,False,False,False,False,False,False,False,False,False,False,False
1040,4680000,1,1,1,0,2,0,1,1,0,1,1,0,0,1,0,8.4,123.0,1.0,0.0,1.0,4500.0,7.0,False,False,False,False,False,False,False,False,False,False,True,False,False,False,False,False,False,False,False,False,False,False,False,False,False,False,False,False,False,False,False,False,False,False,False,False,False,False,False,False,False,False,False,False,False,False,False,False,False,False,False,False,False,False
1045,4702500,1,1,1,0,2,0,1,1,0,1,1,0,0,1,0,8.4,123.0,1.0,0.0,1.0,4500.0,7.0,False,False,False,False,False,False,False,False,False,False,True,False,False,False,False,False,False,False,False,False,False,False,False,False,False,False,False,False,False,False,False,False,False,False,False,False,False,False,False,False,False,False,False,False,False,False,False,False,False,False,False,False,False,False
